{
	"message": [{
		"name":"_1_1",
		"content":{
			"_1":{"pos":{"x":"50","y":"205"},"item":"Ngọc Rồng","size":"28","explain_size":"26",
				"explain":"B.tượng SCATTER, xuất hiện ở vị trí bất\nkỳ; chỉ cần xuất hiện là được tính, không\ncần cùng 1 dòng. Trên 3 cái sẽ được\nFREE GAMES.",
				"explain_pos":{"x":"185","y":"118"}},
			"_2":{"pos":{"x":"-50","y":"-55"},"item":"Hoàng Long","size":"28","explain_size":"26",
				"explain":"B.tượng WILD, xuất hiện ở vị trí bất kỳ,\ncó thể thay tất cả các b.tượng ngoại trừ\nSCATTER.Trong thời gian FREE GAMES,\ncột 2-4 xuất hiện cùng b.tượng\n(Trừ SCATTER)",
				"explain_pos":{"x":"-190","y":"-155"}}
		}
	},{
		"name":"_1_2",
		"content":{
			"_1":{"pos":{"x":"-80","y":"230"},"item":"Gấu trúc"},
			"_2":{"pos":{"x":"190","y":"230"},"item":"Rắn Vàng"},
			"_3":{"pos":{"x":"-345","y":"55"},"item":"Dơi"},
			"_4":{"pos":{"x":"-80","y":"55"},"item":"Hoa Sen"},
			"_5":{"pos":{"x":"190","y":"55"},"item":"Bát Quái"},
			"_6":{"pos":{"x":"435","y":"55"},"item":"Kim"},
			"_7":{"pos":{"x":"-345","y":"-123"},"item":"Mộc"},
			"_8":{"pos":{"x":"-80","y":"-123"},"item":"Thủy"},
			"_9":{"pos":{"x":"190","y":"-123"},"item":"Hỏa"},
			"_10":{"pos":{"x":"435","y":"-123"},"item":"Thổ"}
		}
	},{
		"name":"_2_1",
		"content":{
			"_1":{"pos":{"x":"50","y":"255"},"item":"Ngọc Rồng","size":"28","explain_size":"26",
				"explain":"B.tượng SCATTER, xuất hiện ở vị trí bất\nkỳ; chỉ cần xuất hiện là được tính, không\ncần cùng 1 dòng. Trên 3 cái sẽ được\nFREE GAMES.",
				"explain_pos":{"x":"185","y":"170"}},
			"_2":{"pos":{"x":"-50","y":"65"},"item":"Bạch Long","size":"28","explain_size":"26",
				"explain":"B.tượng WILD, xuất hiện ở vị trí bất kỳ,\ncó thể thay tất cả các b.tượng ngoại\ntrừ SCATTER.",
				"explain_pos":{"x":"-195","y":"-20"}},
			"_3":{"pos":{"x":"200","y":"-120"},"item":"B.tượng nhân","size":"28","explain_size":"26",
				"explain":"B.tượng nhân, xuất hiện ở vị trí\nbất kỳ, có trên 5 cái sẽ được\nFEVER GAMES.",
				"explain_pos":{"x":"300","y":"-200"}}
		}
	},{
		"name":"_2_2",
		"content":{
			"_1":{"pos":{"x":"-80","y":"230"},"item":"Khổng Tước"},
			"_2":{"pos":{"x":"190","y":"230"},"item":"Song Ngư"},
			"_3":{"pos":{"x":"-345","y":"55"},"item":"Gà Vàng"},
			"_4":{"pos":{"x":"-80","y":"55"},"item":"Hồ Lô"},
			"_5":{"pos":{"x":"190","y":"55"},"item":"Bát Quái"},
			"_6":{"pos":{"x":"435","y":"55"},"item":"Kim"},
			"_7":{"pos":{"x":"-345","y":"-123"},"item":"Mộc"},
			"_8":{"pos":{"x":"-80","y":"-123"},"item":"Thủy"},
			"_9":{"pos":{"x":"190","y":"-123"},"item":"Hỏa"},
			"_10":{"pos":{"x":"435","y":"-123"},"item":"Thổ"}
		}
	},{
		"name":"_3_1",
		"content":{
			"_1":{"pos":{"x":"50","y":"205"},"item":"Ngọc Rồng","size":"28","explain_size":"26",
				"explain":"B.tượng SCATTER, chỉ xuất hiện ở cột\n2-5; chỉ cần xuất hiện là được tính,\nkhông cần cùng 1 dòng. Trên 3 cái\nsẽ được FREE GAMES.",
				"explain_pos":{"x":"185","y":"118"}},
			"_2":{"pos":{"x":"-110","y":"-55"},"item":"Thanh Long","size":"28","explain_size":"26",
				"explain":"B.tượng WILD, chỉ xuất hiện ở cột 2-5,\ncó thể thay tất cả các b.tượng ngoại trừ\nb.tượng đặc biệt. Đồng thời nhận thêm\nthưởng b.tượng nhân.",
				"explain_pos":{"x":"-253","y":"-138"}}
		}
	},{
		"name":"_3_2",
		"content":{
			"_1":{"pos":{"x":"50","y":"230"},"item":"Tiên Hạc"},
			"_2":{"pos":{"x":"-345","y":"55"},"item":"Rùa Thần"},
			"_3":{"pos":{"x":"-80","y":"55"},"item":"Uyên Ương"},
			"_4":{"pos":{"x":"190","y":"55"},"item":"Bát Quái"},
			"_5":{"pos":{"x":"435","y":"55"},"item":"Kim"},
			"_6":{"pos":{"x":"-345","y":"-123"},"item":"Mộc"},
			"_7":{"pos":{"x":"-80","y":"-123"},"item":"Thủy"},
			"_8":{"pos":{"x":"190","y":"-123"},"item":"Hỏa"},
			"_9":{"pos":{"x":"435","y":"-123"},"item":"Thổ"}
		}
	},{
		"name":"_4_1",
		"content":{
			"_1":{"pos":{"x":"50","y":"205"},"item":"Ngọc Rồng","size":"28","explain_size":"26",
				"explain":"B.tượng SCATTER, chỉ xuất hiện ở cột\n1, 3, 5; chỉ cần xuất hiện là được tính,\nkhông cần cùng 1 dòng. 3 cái sẽ được\nFREE GAMES.",
				"explain_pos":{"x":"185","y":"118"}},
 			"_2":{"pos":{"x":"-50","y":"-55"},"item":"Xích Long","size":"28","explain_size":"26",
				"explain":"B.tượng WILD, xuất hiện ở vị trí bất kỳ,\ncó thể thay tất cả các b.tượng ngoại trừ\nSCATTER.",
				"explain_pos":{"x":"-190","y":"-138"}}
		}
	},{
		"name":"_4_2",
		"content":{
			"_1":{"pos":{"x":"-210","y":"230"},"item":"Phượng Hoàng"},
			"_2":{"pos":{"x":"50","y":"230"},"item":"Tỳ Hưu"},
			"_3":{"pos":{"x":"310","y":"230"},"item":"Hổ Vàng"},
			"_4":{"pos":{"x":"-345","y":"55"},"item":"Dê Vàng"},
			"_5":{"pos":{"x":"-80","y":"55"},"item":"Đỉnh Đồng"},
			"_6":{"pos":{"x":"190","y":"55"},"item":"Chuông Đồng"},
			"_7":{"pos":{"x":"445","y":"55"},"item":"Kim"},
			"_8":{"pos":{"x":"-345","y":"-123"},"item":"Mộc"},
			"_9":{"pos":{"x":"-80","y":"-123"},"item":"Thủy"},
			"_10":{"pos":{"x":"190","y":"-123"},"item":"Hỏa"},
			"_11":{"pos":{"x":"445","y":"-123"},"item":"Thổ"}
		}
	},{
		"name":"_5_1",
		"content":{
			"_1":{"pos":{"x":"50","y":"205"},"item":"Ngọc Rồng","size":"28","explain_size":"26",
				"explain":"B.tượng SCATTER, chỉ xuất hiện ở cột\n2-5; chỉ cần xuất hiện là được tính,\nkhông cần cùng 1 dòng. Trên 3 cái sẽ\nđược FREE GAMES.",
				"explain_pos":{"x":"185","y":"118"}},
			"_2":{"pos":{"x":"-70","y":"-55"},"item":"Hắc Long","size":"28","explain_size":"26",
				"explain":"B.tượng WILD, chỉ xuất hiện ở cột 2-5,\ncó thể thay tất cả các b.tượng ngoại\ntrừ SCATTER. B.thượng này xuất hiện\nsẽ biến 1 hàng thành WILD.",
				"explain_pos":{"x":"-205","y":"-138"}}
		}
	},{
		"name":"_5_2",
		"content":{
			"_1":{"pos":{"x":"-80","y":"230"},"item":"Voi Thần"},
			"_2":{"pos":{"x":"190","y":"230"},"item":"Ngựa Đỏ"},
			"_3":{"pos":{"x":"-345","y":"55"},"item":"Thỏ Trắng"},
			"_4":{"pos":{"x":"-80","y":"55"},"item":"Đầu Phật"},
			"_5":{"pos":{"x":"190","y":"55"},"item":"Bát Quái"},
			"_6":{"pos":{"x":"435","y":"55"},"item":"Kim"},
			"_7":{"pos":{"x":"-345","y":"-123"},"item":"Mộc"},
			"_8":{"pos":{"x":"-80","y":"-123"},"item":"Thủy"},
			"_9":{"pos":{"x":"190","y":"-123"},"item":"Hỏa"},
			"_10":{"pos":{"x":"435","y":"-123"},"item":"Thổ"}
		}
	}]
}