{
	"DATA": [{
		"have_scatter": [ 0, 0, 0, 0, 1 ],
		"sound_type"  : [ "leifengta", "baishe", "xuxian", "qingshe", "goods", "goods", "goods", "words", "words", "words", "words", "words" ],
		"floor_type"  : [ "leifengta", "baishe", "xuxian", "qingshe"],
		"dragon_bones": [ "leifengta", "baishe", "xuxian", "qingshe", "zhishan"],
		"cards"       : [ "leifengta", "baishe", "xuxian", "qingshe", "zhishan", "jincai", "tuanshan", "A", "K", "Q", "J", "10" ],
		"uiconfig"    : { "rn":15, "ln":50, "column":5, "row":3, "s_p_x":315, "s_p_y":248, "r_d_x":176, "r_d_y":159 }
	},{
		"have_scatter": [ 0, 0, 1, 1, 1 ],
		"sound_type"  : [ "leifengta", "baishe", "hetong", "goods", "xionghuangjiu", "goods", "huaqiang", "words", "words", "words", "words", "words" ],
		"floor_type"  : [ "leifengta", "baishe", "hetong", "", "", "", "huaqiang"],
		"dragon_bones": [ "leifengta", "baishe", "hetong", "xionghuangjiu", "huaqiang"],
		"cards"       : [ "leifengta", "baishe", "hetong", "lingzhi", "xionghuangjiu", "shuangjian", "huaqiang", "A", "K", "Q", "J", "10" ],
		"uiconfig"    : { "rn":15, "ln":50, "column":5, "row":3, "s_p_x":315, "s_p_y":248, "r_d_x":176, "r_d_y":159 }
	},{
		"have_scatter": [ 0, 0, 1, 1, 1 ],
		"sound_type"  : [ "leifengta", "baishe", "qingshe", "xuxian", "fahai", "jinbo", "muyu", "words", "words", "words", "words", "words" ],
		"floor_type"  : [ "leifengta", "baishe", "qingshe", "xuxianheshang", "fahai"],
		"dragon_bones": [ "leifengta", "baishe", "qingshe", "xuxianheshang", "fahai", "jinbo", "muyu"],
		"cards"       : [ "leifengta", "baishe", "qingshe", "xuxianheshang", "fahai", "jinbo", "muyu", "A", "K", "Q", "J", "10" ],
		"uiconfig"    : { "rn":15, "ln":40, "column":5, "row":3, "s_p_x":315, "s_p_y":248, "r_d_x":176, "r_d_y":159 }
	}]
}