{
	"message": [{
		"name":"_12_1",
		"content":{
			"_1":{"pos":{"x":"0","y":"250"},"item":"龙 珠","size":"28","explain_size":"26",
				"explain":"面奖图示，出现在任意列，只要出\n现即产生支付，无需联机。3个以上\n触发 6 FREE GAMES。",
				"explain_pos":{"x":"185","y":"170"}},
			"_2":{"pos":{"x":"-10","y":"65"},"item":"神 龙","size":"28","explain_size":"26",
				"explain":"百搭图示，只出现在2、3、4、5列，可\n替代SCATTER和黏着图标以外的任意图\n示。FREE GAMES 中，WILD中奖连线赢\n分x2。",
				"explain_pos":{"x":"-190","y":"-16"}},
			"_3":{"pos":{"x":"200","y":"-120"},"item":"龙玉佩","size":"28","explain_size":"26",
				"explain":"倍数图标，出现在任意位置，\n达到6个以上同屏时，触发\nFEVER GAMES.",
				"explain_pos":{"x":"320","y":"-200"}}
		}
	},{
		"name":"_12_2",
		"content":{
			"_1":{"pos":{"x":"50","y":"230"},"item":"弥勒佛"},
			"_2":{"pos":{"x":"-345","y":"55"},"item":"金 狮"},
			"_3":{"pos":{"x":"-80","y":"55"},"item":"摇钱树"},
			"_4":{"pos":{"x":"190","y":"55"},"item":"金 猪"},
			"_5":{"pos":{"x":"435","y":"55"},"item":"K"},
			"_6":{"pos":{"x":"-345","y":"-123"},"item":"Q"},
			"_7":{"pos":{"x":"-80","y":"-123"},"item":"J"},
			"_8":{"pos":{"x":"190","y":"-123"},"item":"10"},
			"_9":{"pos":{"x":"435","y":"-123"},"item":"9"}
		}
	},{
		"name":"_13_1",
		"content":{
			"_1":{"pos":{"x":"0","y":"200"},"item":"鞭 炮","size":"28","explain_size":"26",
				"explain":"面奖图示，出现在任意列，符合赢线\n规则时触发7/10/15 FREE GAMES。",
				"explain_pos":{"x":"185","y":"115"}},
			"_2":{"pos":{"x":"-10","y":"-55"},"item":"飞 龙","size":"28","explain_size":"26",
				"explain":"百搭图示，出现在2、3、4列，可替代\nSCATTER以外的任意图示。\nFREE GAMES 中，WILD中奖连线赢分\nx2或者x3。",
				"explain_pos":{"x":"-190","y":"-140"}}
		}
	},{
		"name":"_13_2",
		"content":{
			"_1":{"pos":{"x":"-220","y":"230"},"item":"虎"},
			"_2":{"pos":{"x":"50","y":"230"},"item":"金 蟾"},
			"_3":{"pos":{"x":"310","y":"230"},"item":"金 龟"},
			"_4":{"pos":{"x":"-345","y":"55"},"item":"金 兔"},
			"_5":{"pos":{"x":"-80","y":"55"},"item":"金 鱼"},
			"_6":{"pos":{"x":"190","y":"55"},"item":"富"},
			"_7":{"pos":{"x":"435","y":"55"},"item":"福"},
			"_8":{"pos":{"x":"-345","y":"-123"},"item":"禄"},
			"_9":{"pos":{"x":"-80","y":"-123"},"item":"寿"},
			"_10":{"pos":{"x":"190","y":"-123"},"item":"喜"}
		}
	},{
		"name":"_14_1",
		"content":{
			"_1":{"pos":{"x":"30","y":"205"},"item":"招财进宝","size":"28","explain_size":"26",
				"explain":"面奖图示，出现在1、2、3列，只要\n出现即产生支付。3个以上触发\n10 FREE GAMES。",
				"explain_pos":{"x":"185","y":"115"}},
			"_2":{"pos":{"x":"-20","y":"-55"},"item":"熊 猫","size":"28","explain_size":"26",
				"explain":"百搭图示，出现在2、3、4、5列，\n可替代SCATTER以外的任意图示。",
				"explain_pos":{"x":"-190","y":"-135"}}
		}
	},{
		"name":"_14_2",
		"content":{
			"_1":{"pos":{"x":"-345","y":"230"},"item":"神 庙"},
			"_2":{"pos":{"x":"-80","y":"230"},"item":"金 鱼"},
			"_3":{"pos":{"x":"190","y":"230"},"item":"折 伞"},
			"_4":{"pos":{"x":"445","y":"230"},"item":"发财竹"},
			"_5":{"pos":{"x":"-345","y":"55"},"item":"莲花"},
			"_6":{"pos":{"x":"-80","y":"55"},"item":"A"},
			"_7":{"pos":{"x":"190","y":"55"},"item":"K"},
			"_8":{"pos":{"x":"445","y":"55"},"item":"Q"},
			"_9":{"pos":{"x":"-345","y":"-123"},"item":"J"},
			"_10":{"pos":{"x":"-80","y":"-123"},"item":"10"},
			"_11":{"pos":{"x":"190","y":"-123"},"item":"9"}
		}
	},{
		"name":"_15_1",
		"content":{
			"_1":{"pos":{"x":"0","y":"200"},"item":"金 币","size":"28","explain_size":"26",
				"explain":"面奖图示，出现在任意轮，3个以上\n触发7 FREE GAMES。",
				"explain_pos":{"x":"185","y":"115"}},
 			"_2":{"pos":{"x":"-10","y":"-55"},"item":"凤 凰","size":"28","explain_size":"26",
				"explain":"百搭图示，出现在2、3、4列，可替\n代SCATTER和黏着图示以外的任意\n图示。",
				"explain_pos":{"x":"-190","y":"-140"}}
		}
	},{
		"name":"_15_2",
		"content":{
			"_1":{"pos":{"x":"-210","y":"230"},"item":"武则天"},
			"_2":{"pos":{"x":"50","y":"230"},"item":"发 钗"},
			"_3":{"pos":{"x":"310","y":"230"},"item":"扇 子"},
			"_4":{"pos":{"x":"-345","y":"55"},"item":"鞋 子"},
			"_5":{"pos":{"x":"-80","y":"55"},"item":"红 包"},
			"_6":{"pos":{"x":"190","y":"55"},"item":"A"},
			"_7":{"pos":{"x":"445","y":"55"},"item":"K"},
			"_8":{"pos":{"x":"-345","y":"-123"},"item":"Q"},
			"_9":{"pos":{"x":"-80","y":"-123"},"item":"J"},
			"_10":{"pos":{"x":"190","y":"-123"},"item":"10"},
			"_11":{"pos":{"x":"445","y":"-123"},"item":"9"}
		}
	},{
		"name":"_16_1",
		"content":{
			"_1":{"pos":{"x":"10","y":"200"},"item":"元 宝","size":"28","explain_size":"26",
				"explain":"面奖图示，出现在1、3、5列，3个\n以上触发7 FREE GAMES。",
				"explain_pos":{"x":"185","y":"115"}},
			"_2":{"pos":{"x":"-20","y":"-55"},"item":"财 神","size":"28","explain_size":"26",
				"explain":"百搭图示，出现在所有列，代替\nscatter以外的所有图示。",
				"explain_pos":{"x":"-190","y":"-140"}}
		}
	},{
		"name":"_16_2",
		"content":{
			"_1":{"pos":{"x":"-220","y":"230"},"item":"龙"},
			"_2":{"pos":{"x":"50","y":"230"},"item":"铜 钱"},
			"_3":{"pos":{"x":"310","y":"230"},"item":"扳 指"},
			"_4":{"pos":{"x":"-345","y":"55"},"item":"锦 鲤"},
			"_5":{"pos":{"x":"-80","y":"55"},"item":"红 包"},
			"_6":{"pos":{"x":"190","y":"55"},"item":"K"},
			"_7":{"pos":{"x":"435","y":"55"},"item":"Q"},
			"_8":{"pos":{"x":"-345","y":"-123"},"item":"J"},
			"_9":{"pos":{"x":"-80","y":"-123"},"item":"10"},
			"_10":{"pos":{"x":"190","y":"-123"},"item":"9"}
		}
	},{
		"name":"_17_1",
		"content":{
			"_1":{"pos":{"x":"10","y":"265"},"item":"灯 笼","size":"28","explain_size":"26",
				"explain":"面奖图示，出现在1、3、5列，3个\n以上触发5 FREE GAMES。",
				"explain_pos":{"x":"185","y":"180"}},
			"_2":{"pos":{"x":"-10","y":"70"},"item":"虎","size":"28","explain_size":"26",
				"explain":"百搭图示，出现在所有列，可替代\nSCATTER以外的任意图示。",
				"explain_pos":{"x":"-195","y":"-15"}},
			"_3":{"pos":{"x":"30","y":"-115"},"item":"祖母绿","size":"28","explain_size":"26",
				"explain":"特殊图示，FREE GAMES中出现在\n1、3、5轮，增加1、3、5个 FREE\nGAMES。",
				"explain_pos":{"x":"180","y":"-200"}}
		}
	},{
		"name":"_17_2",
		"content":{
			"_1":{"pos":{"x":"-80","y":"230"},"item":"三 钱"},
			"_2":{"pos":{"x":"190","y":"230"},"item":"莲 花"},
			"_3":{"pos":{"x":"-345","y":"55"},"item":"鹤"},
			"_4":{"pos":{"x":"-80","y":"55"},"item":"双锦鲤"},
			"_5":{"pos":{"x":"190","y":"55"},"item":"A"},
			"_6":{"pos":{"x":"435","y":"55"},"item":"K"},
			"_7":{"pos":{"x":"-345","y":"-123"},"item":"Q"},
			"_8":{"pos":{"x":"-80","y":"-123"},"item":"J"},
			"_9":{"pos":{"x":"190","y":"-123"},"item":"10"},
			"_10":{"pos":{"x":"435","y":"-123"},"item":"9"}
		}
	}{
		"name":"_18_1",
		"content":{
			"_1":{"pos":{"x":"10","y":"200"},"item":"金 牌","size":"28","explain_size":"26",
				"explain":"面奖图示，出现在1、3、5列，3个\n以上触发5 FREE GAMES。",
				"explain_pos":{"x":"185","y":"115"}},
			"_2":{"pos":{"x":"-20","y":"-55"},"item":"女 侠","size":"28","explain_size":"26",
				"explain":"百搭图示，出现在第3列，可替代\nSCATTER以外的任意图示。",
				"explain_pos":{"x":"-190","y":"-140"}}
		}
	},{
		"name":"_18_2",
		"content":{
			"_1":{"pos":{"x":"-210","y":"230"},"item":"龙"},
			"_2":{"pos":{"x":"50","y":"230"},"item":"凤 凰"},
			"_3":{"pos":{"x":"320","y":"230"},"item":"象"},
			"_4":{"pos":{"x":"-345","y":"55"},"item":"龟"},
			"_5":{"pos":{"x":"-80","y":"55"},"item":"A"},
			"_6":{"pos":{"x":"190","y":"55"},"item":"K"},
			"_7":{"pos":{"x":"435","y":"55"},"item":"Q"},
			"_8":{"pos":{"x":"-345","y":"-123"},"item":"J"},
			"_9":{"pos":{"x":"-80","y":"-123"},"item":"10"}
		}
	}]
}