{
	"message": [{
		"name":"_1_1",
		"content":{
			"_1":{"pos":{"x":"40","y":"205"},"item":"Chân Kinh","size":"28","explain_size":"26",
				"explain":"B.tượng SCATTER, xuất hiện ở vị trí bất\nkỳ; chỉ cần xuất hiện là được tính, không\ncần cùng 1 dòng. Trên 3 cái sẽ được\n15 FREE GAMES, FREE GAMES x3\nthưởng.",
				"explain_pos":{"x":"185","y":"100"}},
			"_2":{"pos":{"x":"-40","y":"-60"},"item":"Bát Quái","size":"28","explain_size":"26",
				"explain":"B.tượng WILD, xuất hiện ở vị trí bất kỳ,\ncó thể thay tất cả các b.tượng ngoại\ntrừ SCATTER. Dòng trúng thưởng có\n1 WILD sẽ x2 thưởng.",
				"explain_pos":{"x":"-190","y":"-140"}}
		}
	},{
		"name":"_1_2",
		"content":{
			"_1":{"pos":{"x":"-210","y":"230"},"item":"Ngọc Đế"},
			"_2":{"pos":{"x":"50","y":"230"},"item":"Ngộ Không"},
			"_3":{"pos":{"x":"310","y":"230"},"item":"Thái Bạch"},
			"_4":{"pos":{"x":"-345","y":"55"},"item":"Đào Tiên"},
			"_5":{"pos":{"x":"-80","y":"55"},"item":"Rượu Ngon"},
			"_6":{"pos":{"x":"190","y":"55"},"item":"Nho"},
			"_7":{"pos":{"x":"445","y":"55"},"item":"Hoa Sen"},
			"_8":{"pos":{"x":"-345","y":"-123"},"item":"Nhân"},
			"_9":{"pos":{"x":"-80","y":"-123"},"item":"Thần"},
			"_10":{"pos":{"x":"190","y":"-123"},"item":"Yêu"},
			"_11":{"pos":{"x":"445","y":"-123"},"item":"Quái"}
		}
	},{
		"name":"_2_1",
		"content":{
			"_1":{"pos":{"x":"40","y":"205"},"item":"Chân Kinh","size":"28","explain_size":"26",
				"explain":"B.tượng SCATTER, chỉ xuất hiện ở cột 1,\n3, 5; chỉ cần xuất hiện là được tính,\nkhông cần cùng 1 dòng. Có đủ số lượng\nsẽ được FREE GAMES.",
				"explain_pos":{"x":"185","y":"118"}},
			"_2":{"pos":{"x":"-40","y":"-60"},"item":"Bát Quái","size":"28","explain_size":"26",
				"explain":"B.tượng WILD, chỉ xuất hiện ở cột 3, biến\ncả cột thành WILD và biến 3 b.tượng\nkhác (trừ SCATTER) thành WILD.",
				"explain_pos":{"x":"-190","y":"-140"}}
		}
	},{
		"name":"_2_2",
		"content":{
			"_1":{"pos":{"x":"-340","y":"135"},"item":"Ngộ Không"},
			"_2":{"pos":{"x":"-70","y":"135"},"item":"Bạch Cốt Tinh"},
			"_3":{"pos":{"x":"190","y":"135"},"item":"Huyền Trang"},
			"_4":{"pos":{"x":"442","y":"135"},"item":"Bát Giới"},
			"_5":{"pos":{"x":"-340","y":"-40"},"item":"Nhân"},
			"_6":{"pos":{"x":"-70","y":"-40"},"item":"Thần"},
			"_7":{"pos":{"x":"190","y":"-40"},"item":"Yêu"},
			"_8":{"pos":{"x":"442","y":"-40"},"item":"Quái"}
		}
	},{
		"name":"_3_1",
		"content":{
			"_1":{"pos":{"x":"30","y":"85"},"item":"Chân Kinh","size":"28","explain_size":"26",
				"explain":"B.tượng SCATTER, chỉ xuất hiện ở cột 1,\n3, 5; chỉ cần xuất hiện là được tính,\nkhông cần cùng 1 dòng. Có đủ số lượng\nsẽ được FREE GAMES.",
				"explain_pos":{"x":"180","y":"0"}}
		}
	},{
		"name":"_3_2",
		"content":{
			"_1":{"pos":{"x":"60","y":"230"},"item":"Hồng Hài Nhi"},
			"_2":{"pos":{"x":"-345","y":"55"},"item":"Ngộ Không"},
			"_3":{"pos":{"x":"-80","y":"55"},"item":"Quan Âm"},
			"_4":{"pos":{"x":"190","y":"55"},"item":"Chiến Xa"},
			"_5":{"pos":{"x":"445","y":"55"},"item":"Hỏa Tiêm Thương"},
			"_6":{"pos":{"x":"-345","y":"-123"},"item":"Nhân"},
			"_7":{"pos":{"x":"-80","y":"-123"},"item":"Thần"},
			"_8":{"pos":{"x":"190","y":"-123"},"item":"Yêu"},
			"_9":{"pos":{"x":"445","y":"-123"},"item":"Quái"}
		}
	}]
}