{
	"message": [{
		"name":"_1_1",
		"content":{
			"_1":{"pos":{"x":"0","y":"205"},"item":"真 經","size":"28","explain_size":"26",
				"explain":"面獎圖示，出現在任意位置，只要出\n現即產生支付，無需連線。3個以上觸\n發15個FREE GAMES，FREE GAMES\n期間玩家獎勵x3。",
				"explain_pos":{"x":"185","y":"115"}},
			"_2":{"pos":{"x":"-30","y":"-60"},"item":"八 卦","size":"28","explain_size":"26",
				"explain":"百搭圖示，出現在任意位置，替代\nSCATTER以外的任意圖示。中獎連線\n中出現任一WILD，則該連線獎勵x2。",
				"explain_pos":{"x":"-190","y":"-140"}}
		}
	},{
		"name":"_1_2",
		"content":{
			"_1":{"pos":{"x":"-210","y":"230"},"item":"玉 帝"},
			"_2":{"pos":{"x":"50","y":"230"},"item":"悟 空"},
			"_3":{"pos":{"x":"310","y":"230"},"item":"太 白"},
			"_4":{"pos":{"x":"-345","y":"55"},"item":"蟠 桃"},
			"_5":{"pos":{"x":"-80","y":"55"},"item":"美 酒"},
			"_6":{"pos":{"x":"190","y":"55"},"item":"葡 萄"},
			"_7":{"pos":{"x":"445","y":"55"},"item":"蓮 花"},
			"_8":{"pos":{"x":"-345","y":"-123"},"item":"人"},
			"_9":{"pos":{"x":"-80","y":"-123"},"item":"神"},
			"_10":{"pos":{"x":"190","y":"-123"},"item":"妖"},
			"_11":{"pos":{"x":"445","y":"-123"},"item":"怪"}
		}
	},{
		"name":"_2_1",
		"content":{
			"_1":{"pos":{"x":"0","y":"205"},"item":"真 經","size":"28","explain_size":"26",
				"explain":"面獎圖示，只出現在1、3、5列，只要\n出現即產生支付，無需連線。達到對\n應的數量即可觸發FREE GAMES。",
				"explain_pos":{"x":"185","y":"115"}},
			"_2":{"pos":{"x":"-20","y":"-60"},"item":"八 卦","size":"28","explain_size":"26",
				"explain":"百搭圖示，只出現在第3列，出現時會\n拓展整列為WILD，並且隨機把其他三\n個圖示（SCATTER除外）變為WILD。",
				"explain_pos":{"x":"-190","y":"-145"}}
		}
	},{
		"name":"_2_2",
		"content":{
			"_1":{"pos":{"x":"-340","y":"135"},"item":"悟 空"},
			"_2":{"pos":{"x":"-70","y":"135"},"item":"白骨夫人"},
			"_3":{"pos":{"x":"190","y":"135"},"item":"玄 奘"},
			"_4":{"pos":{"x":"442","y":"135"},"item":"八 戒"},
			"_5":{"pos":{"x":"-340","y":"-40"},"item":"人"},
			"_6":{"pos":{"x":"-70","y":"-40"},"item":"神"},
			"_7":{"pos":{"x":"190","y":"-40"},"item":"妖"},
			"_8":{"pos":{"x":"442","y":"-40"},"item":"怪"}
		}
	},{
		"name":"_3_1",
		"content":{
			"_1":{"pos":{"x":"10","y":"90"},"item":"真 經","size":"28","explain_size":"26",
				"explain":"面獎圖示，只出現在1、3、5列，只要\n出現即產生支付，無需連線。達到對\n應的數量即可觸發FREEGAMES。","explain_pos":{"x":"180","y":"0"}}
		}
	},{
		"name":"_3_2",
		"content":{
			"_1":{"pos":{"x":"60","y":"230"},"item":"紅孩兒"},
			"_2":{"pos":{"x":"-345","y":"55"},"item":"悟 空"},
			"_3":{"pos":{"x":"-80","y":"55"},"item":"觀 音"},
			"_4":{"pos":{"x":"190","y":"55"},"item":"戰 車"},
			"_5":{"pos":{"x":"445","y":"55"},"item":"尖 槍"},
			"_6":{"pos":{"x":"-345","y":"-123"},"item":"人"},
			"_7":{"pos":{"x":"-80","y":"-123"},"item":"神"},
			"_8":{"pos":{"x":"190","y":"-123"},"item":"妖"},
			"_9":{"pos":{"x":"445","y":"-123"},"item":"怪"}
		}
	}]
}