{
	"message": [{
		"name":"_1_1",
		"content":{
			"_1":{"pos":{"x":"70","y":"205"},"item":"Kim Phượng","size":"28","explain_size":"26",
				"explain":"B.tượng SCATTER, chỉ xuất hiện ở cột 1,\n3, 5; chỉ cần xuất hiện là được tính,\nkhông cần cùng 1 dòng. Trên 3 cái sẽ\nđược 8 FREE GAMES.",
				"explain_pos":{"x":"185","y":"118"}},
			"_2":{"pos":{"x":"-70","y":"-55"},"item":"Ngụy Giai Thị","size":"28","explain_size":"26",
				"explain":"B.tượng WILD, chỉ xuất hiện ở cột 2, 3, 4\nvà 5, có thể thay tất cả các b.tượng\nngoại trừ SCATTER.",
				"explain_pos":{"x":"-190","y":"-138"}}
		}
	},{
		"name":"_1_2",
		"content":{
			"_1":{"pos":{"x":"-340","y":"160"},"item":"Trương Ma Ma"},
			"_2":{"pos":{"x":"-70","y":"160"},"item":"Linh Lung"},
			"_3":{"pos":{"x":"190","y":"160"},"item":"Khóa Trường Mệnh"},
			"_4":{"pos":{"x":"442","y":"160"},"item":"Mặt Quạt"},
			"_5":{"pos":{"x":"-340","y":"-15"},"item":"Túi Thơm"},
			"_6":{"pos":{"x":"-70","y":"-15"},"item":"Túi Bện"},
			"_7":{"pos":{"x":"190","y":"-15"},"item":"K"},
			"_8":{"pos":{"x":"442","y":"-15"},"item":"A"}
		}
	},{
		"name":"_2_1",
		"content":{
			"_1":{"pos":{"x":"60","y":"205"},"item":"Kim Phượng","size":"28","explain_size":"26",
				"explain":"B.tượng SCATTER, xuất hiện ở lượt bất\nkỳ; chỉ cần xuất hiện là được tính, không\ncần cùng 1 dòng. Trên 3 cái sẽ được\nFREE GAMES.",
				"explain_pos":{"x":"185","y":"118"}},
			"_2":{"pos":{"x":"-70","y":"-55"},"item":"Ngụy Giai Thị","size":"28","explain_size":"26",
				"explain":"B.tượng WILD, chỉ xuất hiện ở cột 2, 3,\n4, có thể thay tất cả các b.tượng ngoại\ntrừ SCATTER. x1, x2 hoặc x3 điểm trong\nthời gian FREE GAMES.",
				"explain_pos":{"x":"-190","y":"-138"}}
		}
	},{
		"name":"_2_2",
		"content":{
			"_1":{"pos":{"x":"-80","y":"230"},"item":"Thái Hậu Dung Âm"},
			"_2":{"pos":{"x":"190","y":"230"},"item":"Cao Quý Phi"},
			"_3":{"pos":{"x":"-345","y":"55"},"item":"Thập Bát Tử Thanh Cung"},
			"_4":{"pos":{"x":"-80","y":"55"},"item":"Bát Trà"},
			"_5":{"pos":{"x":"190","y":"55"},"item":"Thoa"},
			"_6":{"pos":{"x":"435","y":"55"},"item":"A"},
			"_7":{"pos":{"x":"-345","y":"-123"},"item":"K"},
			"_8":{"pos":{"x":"-80","y":"-123"},"item":"Q"},
			"_9":{"pos":{"x":"190","y":"-123"},"item":"J"},
			"_10":{"pos":{"x":"435","y":"-123"},"item":"10"}
		}
	},{
		"name":"_3_1",
		"content":{
			"_1":{"pos":{"x":"60","y":"205"},"item":"Kim Phượng","size":"28","explain_size":"26",
				"explain":"B.tượng SCATTER, xuất hiện ở lượt 1, 3,\n5;chỉ cần xuất hiện là được tính, không\ncần cùng 1 dòng. Trên 3 cái sẽ được\nFREE GAMES.",
				"explain_pos":{"x":"185","y":"118"}},
			"_2":{"pos":{"x":"-70","y":"-55"},"item":"Ngụy Giai Thị","size":"28","explain_size":"26",
				"explain":"B.tượng WILD, xuất hiện tất cả lượt, có\nthể thay tất cả các b.tượng ngoại trừ\nSCATTER.Trong thời gian FREE GAMES,\n1 số b.tượng sẽ thành WILD và nhân\nđiểm x1, x3 hoặc x3.",
				"explain_pos":{"x":"-185","y":"-150"}}
		}
	},{
		"name":"_3_2",
		"content":{
			"_1":{"pos":{"x":"-80","y":"230"},"item":"Phú Sát Phó Hằng"},
			"_2":{"pos":{"x":"190","y":"230"},"item":"Linh Lung"},
			"_3":{"pos":{"x":"-345","y":"55"},"item":"Túi Bện"},
			"_4":{"pos":{"x":"-80","y":"55"},"item":"Ngọc Bội"},
			"_5":{"pos":{"x":"190","y":"55"},"item":"Bồn Cầu"},
			"_6":{"pos":{"x":"435","y":"55"},"item":"A"},
			"_7":{"pos":{"x":"-345","y":"-123"},"item":"K"},
			"_8":{"pos":{"x":"-80","y":"-123"},"item":"Q"},
			"_9":{"pos":{"x":"190","y":"-123"},"item":"J"},
			"_10":{"pos":{"x":"435","y":"-123"},"item":"10"}
		}
	}]
}