{
	"message": [{
		"name":"_12_1",
		"content":{
			"_1":{"pos":{"x":"0","y":"250"},"item":"龍 珠","size":"28","explain_size":"26",
				"explain":"面獎圖示，出現在任意位置，只要出\n現即產生支付，無需連線。3個以上\n觸發 6 FREE GAMES。",
				"explain_pos":{"x":"185","y":"170"}},
			"_2":{"pos":{"x":"-10","y":"65"},"item":"神 龍","size":"28","explain_size":"26",
				"explain":"百搭圖示，只出現在2、3、4、5列，可\n替代SCATTER和黏著圖示以外的任意圖\n示。FREE GAMES 中，WILD中獎連線贏\n分x2。",
				"explain_pos":{"x":"-190","y":"-16"}},
			"_3":{"pos":{"x":"200","y":"-120"},"item":"龍玉佩","size":"28","explain_size":"26",
				"explain":"倍數圖示，出現在任意位置，\n達到6個以上同屏時，觸發\nFEVER GAMES。",
				"explain_pos":{"x":"320","y":"-200"}}
		}
	},{
		"name":"_12_2",
		"content":{
			"_1":{"pos":{"x":"50","y":"230"},"item":"彌勒佛"},
			"_2":{"pos":{"x":"-345","y":"55"},"item":"金 獅"},
			"_3":{"pos":{"x":"-80","y":"55"},"item":"搖錢樹"},
			"_4":{"pos":{"x":"190","y":"55"},"item":"金 豬"},
			"_5":{"pos":{"x":"435","y":"55"},"item":"K"},
			"_6":{"pos":{"x":"-345","y":"-123"},"item":"Q"},
			"_7":{"pos":{"x":"-80","y":"-123"},"item":"J"},
			"_8":{"pos":{"x":"190","y":"-123"},"item":"10"},
			"_9":{"pos":{"x":"435","y":"-123"},"item":"9"}
		}
	},{
		"name":"_13_1",
		"content":{
			"_1":{"pos":{"x":"0","y":"200"},"item":"鞭 炮","size":"28","explain_size":"26",
				"explain":"面獎圖示，出現在任意列，符合贏線\n規則時觸發7/10/15 FREE GAMES。",
				"explain_pos":{"x":"185","y":"115"}},
			"_2":{"pos":{"x":"-10","y":"-55"},"item":"飛 龍","size":"28","explain_size":"26",
				"explain":"百搭圖示，出現在2、3、4列，可替代\nSCATTER以外的任意圖示。\nFREE GAMES 中，WILD中獎連線贏分\nx2或者x3。",
				"explain_pos":{"x":"-190","y":"-140"}}
		}
	},{
		"name":"_13_2",
		"content":{
			"_1":{"pos":{"x":"-80","y":"230"},"item":"虎"},
			"_2":{"pos":{"x":"190","y":"230"},"item":"金 蟾"},
			"_3":{"pos":{"x":"-345","y":"55"},"item":"金 龜"},
			"_4":{"pos":{"x":"-80","y":"55"},"item":"金 兔"},
			"_5":{"pos":{"x":"190","y":"55"},"item":"金 魚"},
			"_6":{"pos":{"x":"435","y":"55"},"item":"富"},
			"_7":{"pos":{"x":"-345","y":"-123"},"item":"福"},
			"_8":{"pos":{"x":"-80","y":"-123"},"item":"祿"},
			"_9":{"pos":{"x":"190","y":"-123"},"item":"壽"},
			"_10":{"pos":{"x":"435","y":"-123"},"item":"喜"}
		}
	},{
		"name":"_14_1",
		"content":{
			"_1":{"pos":{"x":"30","y":"205"},"item":"招財進寶","size":"28","explain_size":"26",
				"explain":"面獎圖示，出現在1、2、3列，只要\n出現即產生支付。3個以上觸發\n10 FREE GAMES。",
				"explain_pos":{"x":"185","y":"115"}},
			"_2":{"pos":{"x":"-20","y":"-55"},"item":"熊 貓","size":"28","explain_size":"26",
				"explain":"百搭圖示，出現在2、3、4、5列，\n可替代SCATTER以外的任意圖示。",
				"explain_pos":{"x":"-190","y":"-135"}}
		}
	},{
		"name":"_14_2",
		"content":{
			"_1":{"pos":{"x":"-210","y":"230"},"item":"神 廟"},
			"_2":{"pos":{"x":"50","y":"230"},"item":"金 魚"},
			"_3":{"pos":{"x":"310","y":"230"},"item":"摺 傘"},
			"_4":{"pos":{"x":"-345","y":"55"},"item":"發財竹"},
			"_5":{"pos":{"x":"-80","y":"55"},"item":"蓮 花"},
			"_6":{"pos":{"x":"190","y":"55"},"item":"A"},
			"_7":{"pos":{"x":"445","y":"55"},"item":"K"},
			"_8":{"pos":{"x":"-345","y":"-123"},"item":"Q"},
			"_9":{"pos":{"x":"-80","y":"-123"},"item":"J"},
			"_10":{"pos":{"x":"190","y":"-123"},"item":"10"},
			"_11":{"pos":{"x":"445","y":"-123"},"item":"9"}
		}
	},{
		"name":"_15_1",
		"content":{
			"_1":{"pos":{"x":"0","y":"200"},"item":"金 幣","size":"28","explain_size":"26",
				"explain":"面獎圖示，出現在任意輪，3個以上\n觸發7 FREE GAMES。",
				"explain_pos":{"x":"185","y":"115"}},
 			"_2":{"pos":{"x":"-10","y":"-55"},"item":"鳳 凰","size":"28","explain_size":"26",
				"explain":"百搭圖示，出現在2、3、4列，可替\n代SCATTER和黏著圖示以外的任意\n圖示。",
				"explain_pos":{"x":"-190","y":"-140"}}
		}
	},{
		"name":"_15_2",
		"content":{
			"_1":{"pos":{"x":"-210","y":"230"},"item":"武則天"},
			"_2":{"pos":{"x":"50","y":"230"},"item":"發 釵"},
			"_3":{"pos":{"x":"310","y":"230"},"item":"扇 子"},
			"_4":{"pos":{"x":"-345","y":"55"},"item":"鞋 子"},
			"_5":{"pos":{"x":"-80","y":"55"},"item":"紅 包"},
			"_6":{"pos":{"x":"190","y":"55"},"item":"A"},
			"_7":{"pos":{"x":"445","y":"55"},"item":"K"},
			"_8":{"pos":{"x":"-345","y":"-123"},"item":"Q"},
			"_9":{"pos":{"x":"-80","y":"-123"},"item":"J"},
			"_10":{"pos":{"x":"190","y":"-123"},"item":"10"},
			"_11":{"pos":{"x":"445","y":"-123"},"item":"9"}
		}
	},{
		"name":"_16_1",
		"content":{
			"_1":{"pos":{"x":"10","y":"200"},"item":"元 寶","size":"28","explain_size":"26",
				"explain":"面獎圖示，出現在1、3、5列，3個\n以上觸發7 FREE GAMES。",
				"explain_pos":{"x":"185","y":"115"}},
			"_2":{"pos":{"x":"-20","y":"-55"},"item":"財 神","size":"28","explain_size":"26",
				"explain":"百搭圖示，出現在所有列，代替\nscatter以外的所有圖示。",
				"explain_pos":{"x":"-190","y":"-140"}}
		}
	},{
		"name":"_16_2",
		"content":{
			"_1":{"pos":{"x":"-80","y":"230"},"item":"龍"},
			"_2":{"pos":{"x":"190","y":"230"},"item":"銅 錢"},
			"_3":{"pos":{"x":"-345","y":"55"},"item":"扳 指"},
			"_4":{"pos":{"x":"-80","y":"55"},"item":"錦 鯉"},
			"_5":{"pos":{"x":"190","y":"55"},"item":"紅 包"},
			"_6":{"pos":{"x":"435","y":"55"},"item":"K"},
			"_7":{"pos":{"x":"-345","y":"-123"},"item":"Q"},
			"_8":{"pos":{"x":"-80","y":"-123"},"item":"J"},
			"_9":{"pos":{"x":"190","y":"-123"},"item":"10"},
			"_10":{"pos":{"x":"435","y":"-123"},"item":"9"}
		}
	},{
		"name":"_17_1",
		"content":{
			"_1":{"pos":{"x":"10","y":"265"},"item":"燈 籠","size":"28","explain_size":"26",
				"explain":"面獎圖示，出現在1、3、5列，3個\n以上觸發5 FREE GAMES。",
				"explain_pos":{"x":"185","y":"180"}},
			"_2":{"pos":{"x":"-10","y":"70"},"item":"虎","size":"28","explain_size":"26",
				"explain":"百搭圖示，出現在所有列，可替代\nSCATTER以外的任意圖示。",
				"explain_pos":{"x":"-195","y":"-15"}},
			"_3":{"pos":{"x":"30","y":"-115"},"item":"祖母綠","size":"28","explain_size":"26",
				"explain":"特殊圖示，FREE GAMES中出現在\n1、3、5輪，增加1、3、5個 FREE\nGAMES。",
				"explain_pos":{"x":"180","y":"-200"}}
		}
	},{
		"name":"_17_2",
		"content":{
			"_1":{"pos":{"x":"-80","y":"230"},"item":"三 錢"},
			"_2":{"pos":{"x":"190","y":"230"},"item":"蓮 花"},
			"_3":{"pos":{"x":"-345","y":"55"},"item":"鶴"},
			"_4":{"pos":{"x":"-80","y":"55"},"item":"雙錦鯉"},
			"_5":{"pos":{"x":"190","y":"55"},"item":"A"},
			"_6":{"pos":{"x":"435","y":"55"},"item":"K"},
			"_7":{"pos":{"x":"-345","y":"-123"},"item":"Q"},
			"_8":{"pos":{"x":"-80","y":"-123"},"item":"J"},
			"_9":{"pos":{"x":"190","y":"-123"},"item":"10"},
			"_10":{"pos":{"x":"435","y":"-123"},"item":"9"}
		}
	}{
		"name":"_18_1",
		"content":{
			"_1":{"pos":{"x":"10","y":"200"},"item":"金 牌","size":"28","explain_size":"26",
				"explain":"面獎圖示，出現在1、3、5列，3個\n以上觸發5 FREE GAMES。",
				"explain_pos":{"x":"185","y":"115"}},
			"_2":{"pos":{"x":"-20","y":"-55"},"item":"女 俠","size":"28","explain_size":"26",
				"explain":"百搭圖示，出現在第3列，可替代\nSCATTER以外的任意圖示。",
				"explain_pos":{"x":"-190","y":"-140"}}
		}
	},{
		"name":"_18_2",
		"content":{
			"_1":{"pos":{"x":"50","y":"230"},"item":"龍"},
			"_2":{"pos":{"x":"-345","y":"55"},"item":"鳳 凰"},
			"_3":{"pos":{"x":"-80","y":"55"},"item":"象"},
			"_4":{"pos":{"x":"190","y":"55"},"item":"龜"},
			"_5":{"pos":{"x":"435","y":"55"},"item":"A"},
			"_6":{"pos":{"x":"-345","y":"-123"},"item":"K"},
			"_7":{"pos":{"x":"-80","y":"-123"},"item":"Q"},
			"_8":{"pos":{"x":"190","y":"-123"},"item":"J"},
			"_9":{"pos":{"x":"435","y":"-123"},"item":"10"}
		}
	}]
}