{
	"message": [{
		"name":"_1_1",
		"content":{
			"_1":{"pos":{"x":"0","y":"255"},"item":"聊 齋","size":"28","explain_size":"26",
				"explain":"面獎圖示，出現在任意位置，只要出現\n即產生支付，無需連線。達到對應的數\n量即可觸發FREE GAMES。","explain_pos":{"x":"185","y":"170"}},
			"_2":{"pos":{"x":"-10","y":"65"},"item":"聶小倩","size":"28","explain_size":"26",
				"explain":"百搭圖示，出現在任意位置，替代\nSCATTER以外的任意圖示。","explain_pos":{"x":"-195","y":"-10"}},
			"_3":{"pos":{"x":"10","y":"-120"},"item":"神秘圖標","size":"28","explain_size":"26",
				"explain":"神秘圖標會變為WILD、SCATTER以外\n任意普通圖標。","explain_pos":{"x":"185","y":"-200"}}
		}
	},{
		"name":"_1_2",
		"content":{
			"_1":{"pos":{"x":"50","y":"230"},"item":"寧采臣"},
			"_2":{"pos":{"x":"-345","y":"55"},"item":"夜 叉"},
			"_3":{"pos":{"x":"-80","y":"55"},"item":"飛 劍"},
			"_4":{"pos":{"x":"190","y":"55"},"item":"皮 囊"},
			"_5":{"pos":{"x":"435","y":"55"},"item":"鬼"},
			"_6":{"pos":{"x":"-345","y":"-123"},"item":"怪"},
			"_7":{"pos":{"x":"-80","y":"-123"},"item":"狐"},
			"_8":{"pos":{"x":"190","y":"-123"},"item":"妖"},
			"_9":{"pos":{"x":"435","y":"-123"},"item":"道"}
		}
	},{
		"name":"_2_1",
		"content":{
			"_1":{"pos":{"x":"0","y":"205"},"item":"聊 齋","size":"28","explain_size":"26",
				"explain":"面獎圖示，只出現在1、2、4列，只要\n出現即產生支付，無需連線。達到對\n應的數量即可觸發FREE GAMES。",
				"explain_pos":{"x":"185","y":"115"}},
			"_2":{"pos":{"x":"-25","y":"-60"},"item":"画 皮","size":"28","explain_size":"26",
				"explain":"百搭圖示，只出現在第3列，出現時會\n拓展整列為WILD。FREE GAME中獎連\n線中出現任一個WILD，則該線獎勵x2。",
				"explain_pos":{"x":"-180","y":"-145"}}
		}
	},{
		"name":"_2_2",
		"content":{
			"_1":{"pos":{"x":"-220","y":"135"},"item":"道 長"},
			"_2":{"pos":{"x":"50","y":"135"},"item":"王 生"},
			"_3":{"pos":{"x":"310","y":"135"},"item":"葫 蘆"},
			"_4":{"pos":{"x":"-340","y":"-40"},"item":"神 符"},
			"_5":{"pos":{"x":"-70","y":"-40"},"item":"桃木劍"},
			"_6":{"pos":{"x":"190","y":"-40"},"item":"拂塵"},
			"_7":{"pos":{"x":"442","y":"-40"},"item":"鬼"}
		}
	},{
		"name":"_3_1",
		"content":{
			"_1":{"pos":{"x":"0","y":"205"},"item":"聊 齋","size":"28","explain_size":"26",
				"explain":"面獎圖示，出現在任意位置，只要出\n現即產生支付，無需連線。達到對\n應的數量即可觸發FREE GAMES。",
				"explain_pos":{"x":"185","y":"115"}},
			"_2":{"pos":{"x":"-25","y":"-60"},"item":"婴 宁","size":"28","explain_size":"26",
				"explain":"百搭圖示，替代SCATTER以外的任意\n圖示。中獎連線中每出現一個WILD，\n該線獎勵x4。",
				"explain_pos":{"x":"-190","y":"-145"}}
		}
	},{
		"name":"_3_2",
		"content":{
			"_1":{"pos":{"x":"-220","y":"135"},"item":"王子服"},
			"_2":{"pos":{"x":"50","y":"135"},"item":"狐 狸"},
			"_3":{"pos":{"x":"310","y":"135"},"item":"團 扇"},
			"_4":{"pos":{"x":"-340","y":"-40"},"item":"摺 扇"},
			"_5":{"pos":{"x":"-70","y":"-40"},"item":"三 花"},
			"_6":{"pos":{"x":"190","y":"-40"},"item":"雙 花"},
			"_7":{"pos":{"x":"442","y":"-40"},"item":"桃 花"}
		}
	}]
}