{
	"message": [{
		"name":"_1_1",
		"content":{
			"_1":{"pos":{"x":"40","y":"205"},"item":"Dragon Ball","size":"28","explain_size":"26",
				"explain":"The SCATTER symbol do not need to\nappear on the payline to trigger\nFREE GAMES. ",
				"explain_pos":{"x":"185","y":"115"}},
			"_2":{"pos":{"x":"-50","y":"-55"},"item":"Yellow Dragon","size":"28","explain_size":"26",
				"explain":"The WILD symbol can appear on any\nreel and it subsititutes all of the\nsymbols except SCATTER symbols.",
				"explain_pos":{"x":"-190","y":"-140"}}
		}
	},{
		"name":"_1_2",
		"content":{
			"_1":{"pos":{"x":"-80","y":"230"},"item":"Panda"},
			"_2":{"pos":{"x":"190","y":"230"},"item":"Snake"},
			"_3":{"pos":{"x":"-345","y":"55"},"item":"Bat"},
			"_4":{"pos":{"x":"-80","y":"55"},"item":"Lotus"},
			"_5":{"pos":{"x":"190","y":"55"},"item":"Eight Trigrams"},
			"_6":{"pos":{"x":"435","y":"55"},"item":"Metal"},
			"_7":{"pos":{"x":"-345","y":"-123"},"item":"Wood"},
			"_8":{"pos":{"x":"-80","y":"-123"},"item":"Water"},
			"_9":{"pos":{"x":"190","y":"-123"},"item":"Fire"},
			"_10":{"pos":{"x":"435","y":"-123"},"item":"Earth"}
		}
	},{
		"name":"_2_1",
		"content":{
			"_1":{"pos":{"x":"40","y":"255"},"item":"Dragon Ball","size":"28","explain_size":"26",
				"explain":"The SCATTER symbol do not need to\nappear on the payline to trigger\nFREE GAMES. ",
				"explain_pos":{"x":"185","y":"170"}},
			"_2":{"pos":{"x":"-60","y":"65"},"item":"White Dragon","size":"28","explain_size":"26",
				"explain":"The WILD symbol can appear on any\nreel and it subsititutes all of the\nsymbols except SCATTER symbols.",
				"explain_pos":{"x":"-195","y":"-20"}},
			"_3":{"pos":{"x":"180","y":"-120"},"item":"Multiple","size":"28","explain_size":"26",
				"explain":"Times symbols can appear\non any reel and 5 or more\nsymbols to trigger the\nFEVER GAMES.",
				"explain_pos":{"x":"290","y":"-200"}}
		}
	},{
		"name":"_2_2",
		"content":{
			"_1":{"pos":{"x":"-80","y":"230"},"item":"Peacock"},
			"_2":{"pos":{"x":"190","y":"230"},"item":"Double Fish"},
			"_3":{"pos":{"x":"-345","y":"55"},"item":"Golden Chicken"},
			"_4":{"pos":{"x":"-80","y":"55"},"item":"Gourd"},
			"_5":{"pos":{"x":"190","y":"55"},"item":"Eight Trigrams"},
			"_6":{"pos":{"x":"435","y":"55"},"item":"Metal"},
			"_7":{"pos":{"x":"-345","y":"-123"},"item":"Wood"},
			"_8":{"pos":{"x":"-80","y":"-123"},"item":"Water"},
			"_9":{"pos":{"x":"190","y":"-123"},"item":"Fire"},
			"_10":{"pos":{"x":"435","y":"-123"},"item":"Earth"}
		}
	},{
		"name":"_3_1",
		"content":{
			"_1":{"pos":{"x":"40","y":"205"},"item":"Dragon Ball","size":"28","explain_size":"26",
				"explain":"The SCATTER symbol do not need to\nappear on the payline to trigger\nFREE GAMES.",
				"explain_pos":{"x":"185","y":"115"}},
			"_2":{"pos":{"x":"-120","y":"-55"},"item":"Green Dragon","size":"28","explain_size":"22",
				"explain":"The WILD symbol can appear on 2-5 reels and\nit subsititutes all of the symbols except\nSCATTER symbols. Every WILD symbol appear\non the paylines, winnings get extral times.",
				"explain_pos":{"x":"-253","y":"-140"}}
		}
	},{
		"name":"_3_2",
		"content":{
			"_1":{"pos":{"x":"50","y":"230"},"item":"Crane"},
			"_2":{"pos":{"x":"-345","y":"55"},"item":"Turtle"},
			"_3":{"pos":{"x":"-80","y":"55"},"item":"Mandarin Duck"},
			"_4":{"pos":{"x":"190","y":"55"},"item":"Eight Trigrams"},
			"_5":{"pos":{"x":"435","y":"55"},"item":"Metal"},
			"_6":{"pos":{"x":"-345","y":"-123"},"item":"Wood"},
			"_7":{"pos":{"x":"-80","y":"-123"},"item":"Water"},
			"_8":{"pos":{"x":"190","y":"-123"},"item":"Fire"},
			"_9":{"pos":{"x":"435","y":"-123"},"item":"Earth"}
		}
	},{
		"name":"_4_1",
		"content":{
			"_1":{"pos":{"x":"40","y":"205"},"item":"Dragon Ball","size":"28","explain_size":"26",
				"explain":"The SCATTER symbol do not need to\nappear on the payline to trigger FREE\nGAMES. Only appear on reels 1,3and5.",
				"explain_pos":{"x":"185","y":"115"}},
 			"_2":{"pos":{"x":"-40","y":"-55"},"item":"Red Dragon","size":"28","explain_size":"26",
				"explain":"The WILD symbol can appear on any\nreel and it subsititutes all of the\nsymbols except SCATTER symbols.",
				"explain_pos":{"x":"-190","y":"-140"}}
		}
	},{
		"name":"_4_2",
		"content":{
			"_1":{"pos":{"x":"-210","y":"230"},"item":"Phoenix"},
			"_2":{"pos":{"x":"50","y":"230"},"item":"Brave Troops"},
			"_3":{"pos":{"x":"310","y":"230"},"item":"Tiger"},
			"_4":{"pos":{"x":"-345","y":"55"},"item":"Goat"},
			"_5":{"pos":{"x":"-80","y":"55"},"item":"Tripod"},
			"_6":{"pos":{"x":"190","y":"55"},"item":"Bell"},
			"_7":{"pos":{"x":"445","y":"55"},"item":"Metal"},
			"_8":{"pos":{"x":"-345","y":"-123"},"item":"Wood"},
			"_9":{"pos":{"x":"-80","y":"-123"},"item":"Water"},
			"_10":{"pos":{"x":"190","y":"-123"},"item":"Fire"},
			"_11":{"pos":{"x":"445","y":"-123"},"item":"Earth"}
		}
	},{
		"name":"_5_1",
		"content":{
			"_1":{"pos":{"x":"40","y":"205"},"item":"Dragon Ball","size":"28","explain_size":"26",
				"explain":"The SCATTER symbol do not need to\nappear on the payline to trigger FREE\nGAMES. Only appear on reels 2-5.",
				"explain_pos":{"x":"185","y":"115"}},
			"_2":{"pos":{"x":"-70","y":"-55"},"item":"Black Dragon","size":"28","explain_size":"26",
				"explain":"The WILD symbol can appear on 2-5\nreel and it subsititutes all of the\nsymbols except SCATTER symbols.",
				"explain_pos":{"x":"-205","y":"-140"}}
		}
	},{
		"name":"_5_2",
		"content":{
			"_1":{"pos":{"x":"-80","y":"230"},"item":"Elephant"},
			"_2":{"pos":{"x":"190","y":"230"},"item":"Horse"},
			"_3":{"pos":{"x":"-345","y":"55"},"item":"Rabbit"},
			"_4":{"pos":{"x":"-80","y":"55"},"item":"Buddha"},
			"_5":{"pos":{"x":"190","y":"55"},"item":"Eight Trigrams"},
			"_6":{"pos":{"x":"435","y":"55"},"item":"Metal"},
			"_7":{"pos":{"x":"-345","y":"-123"},"item":"Wood"},
			"_8":{"pos":{"x":"-80","y":"-123"},"item":"Water"},
			"_9":{"pos":{"x":"190","y":"-123"},"item":"Fire"},
			"_10":{"pos":{"x":"435","y":"-123"},"item":"Earth"}
		}
	}]
}