{
	"SLBZ": [{
		"have_scatter": [ 0, 0, 1, 1, 1 ],
		"sound_type"  : [ "longzhu", "shenlong", "", "", "", "", "", "goods", "goods", "goods", "goods", "words", "words", "words", "words", "words" ],
		"floor_type"  : [ "", "shenlong", "", "", "", "", "", "milefo", "jinshi", "yaoqianshu", "jinzhu" ],
		"dragon_bones": [ "longzhu", "shenlong", "milefo", "yaoqianshu", "jinzhu" ],
		"cards"       : [ "longzhu", "shenlong", "longyupei1", "longyupei10", "longyupei25", "longyupei50", "longyupei100", "milefo", "jinshi", "yaoqianshu", "jinzhu", "K", "Q", "J", "10", "9" ]
	}],
	"LZHD": [{
		"have_scatter": [ 0, 0, 1, 1, 1 ],
		"sound_type"  : [ "bianpao", "feilong", "goods", "goods", "goods", "goods", "goods", "words", "words", "words", "words", "words" ],
		"floor_type"  : [ "bianpao", "feilong", "hu", "jinchan", "jingui", "jintu", "jinyu" ],
		"dragon_bones": [ "bianpao", "feilong", "hu", "jinchan", "jingui", "jintu", "jinyu" ],
		"cards"       : [ "bianpao", "feilong", "hu", "jinchan", "jingui", "jintu", "jinyu", "fu", "fv", "lu", "shou", "xi" ]
	}],
	"ZCXM": [{
		"have_scatter": [ 0, 0, 1, 0, 0 ],
		"sound_type"  : [ "zhaocaijinbao", "xiongmao", "goods", "goods", "goods", "goods", "goods", "words", "words", "words", "words", "words", "words" ],
		"dragon_bones": [ "xiongmao", "shenmiao", "jinyu", "zhesan", "facaizhu", "hehua" ],
		"cards"       : [ "zhaocaijinbao", "xiongmao", "shenmiao", "jinyu", "zhesan", "facaizhu", "hehua", "A", "K", "Q", "J", "10", "9" ]
	}],
	"HYNH": [{
		"have_scatter": [ 0, 0, 1, 1, 1 ],
		"sound_type"  : [ "jinbi", "fenghuang", "goods", "goods", "goods", "goods", "goods", "words", "words", "words", "words", "words", "words" ],
		"dragon_bones": [ "jinbi", "fenghuang", "wuzetian", "xiezi", "hongbao" ],
		"cards"       : [ "jinbi", "fenghuang", "wuzetian", "fachai", "shanzi", "xiezi", "hongbao", "A", "K", "Q", "J", "10", "9" ]
	}],
	"CSD": [{
		"have_scatter": [ 0, 0, 0, 0, 1 ],
		"sound_type"  : [ "yuanbao", "caishen", "goods", "goods", "goods",  "goods", "goods", "words", "words", "words", "words", "words" ],
		"dragon_bones": [ "yuanbao", "caishen", "long", "tongqian", "banzhi", "jinli", "hongbao" ],
		"cards"       : [ "yuanbao", "caishen", "long", "tongqian", "banzhi", "jinli", "hongbao", "K", "Q", "J", "10", "9" ]
	}],
	"HHSC": [{
		"have_scatter": [ 0, 0, 0, 0, 1 ],
		"sound_type"  : [ "denglong", "hu", "goods", "goods", "goods", "goods", "words", "words", "words", "words", "words", "words", "zumulv" ],
		"floor_type"  : [ "", "", "", "", "he", "", "", "", "", "", "", "", "zumulv" ],
		"dragon_bones": [ "denglong", "hu", "lianhua", "shuangjinli" ],
		"cards"       : [ "denglong", "hu", "sanqian", "lianhua", "he", "shuangjinli", "A", "K", "Q", "J", "10", "9", "zumulv" ]
	}],
	"XN": [{
		"have_scatter": [ 0, 0, 0, 0, 1 ],
		"sound_type"  : [ "jinpai", "nvxia", "nvxia", "goods", "goods", "goods", "goods", "words", "words", "words", "words", "words" ],
		"floor_type"  : [ "", "nvxia", "nvxia", "long", "fenghuang", "xiang", "gui" ],
		"cards"       : [ "jinpai", "nvxia", "nvxia", "long", "fenghuang", "xiang", "gui", "A", "K", "Q", "J", "10" ]
	}],
	"FYDD": [{
		"have_scatter": [ 0, 0, 1, 1, 1 ],
		"dragon_bones": [ "jubaopen" ],
		"cards_up"    : [ "", "fubianfu", "fenghuang_up", "fanchuan_up", "gui_up", "yuanbao_up", "", "", "", "", "", "", "" ],
		"cards_low"   : [ "gongluo", "fubianfu", "fenghuang", "fanchuan", "gui", "yuanbao", "tongqian", "A", "K", "Q", "J", "10", "9" ],
		"cards"       : [ "gongluo", "fubianfu", "fenghuang_up", "fanchuan_up", "gui_up", "yuanbao_up", "tongqian", "A", "K", "Q", "J", "10", "9" ]
	}]
}