{
	"message": [{
		"name":"_1_1",
		"content":{
			"_1":{"pos":{"x":"0","y":"200"},"item":"聚寶盆","size":"28","explain_size":"26",
				"explain":"百搭圖案，出現在所有輪，可以替代\nSCATTER以外的所有圖標。","explain_pos":{"x":"185","y":"120"}},
			"_2":{"pos":{"x":"-10","y":"-60"},"item":"搖錢樹","size":"28","explain_size":"26",
				"explain":"面獎圖標，達到對應的數量即可觸\n發FREE GAMES。","explain_pos":{"x":"-195","y":"-140"}}
		}
	},{
		"name":"_1_2",
		"content":{
			"_1":{"pos":{"x":"-80","y":"230"},"item":"東財神"},
			"_2":{"pos":{"x":"190","y":"230"},"item":"金 船"},
			"_3":{"pos":{"x":"-345","y":"55"},"item":"錦 鯉"},
			"_4":{"pos":{"x":"-80","y":"55"},"item":"金 蟾"},
			"_5":{"pos":{"x":"190","y":"55"},"item":"銅 錢"},
			"_6":{"pos":{"x":"435","y":"55"},"item":"A"},
			"_7":{"pos":{"x":"-345","y":"-123"},"item":"K"},
			"_8":{"pos":{"x":"-80","y":"-123"},"item":"J"},
			"_9":{"pos":{"x":"190","y":"-123"},"item":"Q"},
			"_10":{"pos":{"x":"435","y":"-123"},"item":"10"}
		}
	},{
		"name":"_2_1",
		"content":{
			"_1":{"pos":{"x":"10","y":"90"},"item":"搖錢樹","size":"28","explain_size":"26",
				"explain":"面獎圖標，達到對應的數量即可觸發\nFREE GAMES。該圖標只出現在2、3、\n4輪","explain_pos":{"x":"200","y":"0"}}
		}
	},{
		"name":"_2_2",
		"content":{
			"_1":{"pos":{"x":"-340","y":"135"},"item":"西財神"},
			"_2":{"pos":{"x":"-80","y":"135"},"item":"赤兔馬"},
			"_3":{"pos":{"x":"190","y":"135"},"item":"玉如意"},
			"_4":{"pos":{"x":"442","y":"135"},"item":"招財進寶"},
			"_5":{"pos":{"x":"-340","y":"-40"},"item":"A"},
			"_6":{"pos":{"x":"-80","y":"-40"},"item":"K"},
			"_7":{"pos":{"x":"190","y":"-40"},"item":"Q"},
			"_8":{"pos":{"x":"442","y":"-40"},"item":"J"}
		}
	},{
		"name":"_3_1",
		"content":{
			"_1":{"pos":{"x":"10","y":"90"},"item":"聚寶盆","size":"28","explain_size":"26",
				"explain":"百搭圖案，替代SCATTER以外的任意\n圖標，中獎連線中每出現一個WILD，\n該線獎勵x2。","explain_pos":{"x":"185","y":"0"}}
		}
	},{
		"name":"_3_2",
		"content":{
			"_1":{"pos":{"x":"-80","y":"135"},"item":"南財神"},
			"_2":{"pos":{"x":"190","y":"135"},"item":"萬年龜"},
			"_3":{"pos":{"x":"-340","y":"-40"},"item":"金元寶"},
			"_4":{"pos":{"x":"-80","y":"-40"},"item":"紅 包"},
			"_5":{"pos":{"x":"190","y":"-40"},"item":"A"},
			"_6":{"pos":{"x":"442","y":"-40"},"item":"K"}
		}
	},{
		"name":"_4_1",
		"content":{
			"_1":{"pos":{"x":"0","y":"255"},"item":"聚寶盆","size":"28","explain_size":"26",
				"explain":"百搭圖案，出現在所有輪，可以替代\nSCATTER以外的所有圖標。","explain_pos":{"x":"180","y":"170"}},
			"_2":{"pos":{"x":"-10","y":"65"},"item":"搖錢樹","size":"28","explain_size":"26",
				"explain":"面獎圖標，達到對應的數量即可觸\n發FREE GAMES。","explain_pos":{"x":"-200","y":"-10"}},
			"_3":{"pos":{"x":"10","y":"-120"},"item":"神秘圖標","size":"28","explain_size":"26",
				"explain":"神秘圖標會變為WILD、SCATTER以外\n任意普通圖標。","explain_pos":{"x":"185","y":"-200"}}
		}
	},{
		"name":"_4_2",
		"content":{
			"_1":{"pos":{"x":"-340","y":"135"},"item":"北財神"},
			"_2":{"pos":{"x":"-80","y":"135"},"item":"黑 虎"},
			"_3":{"pos":{"x":"190","y":"135"},"item":"福"},
			"_4":{"pos":{"x":"442","y":"135"},"item":"祿"},
			"_5":{"pos":{"x":"-340","y":"-40"},"item":"壽"},
			"_6":{"pos":{"x":"-80","y":"-40"},"item":"A"},
			"_7":{"pos":{"x":"190","y":"-40"},"item":"K"},
			"_8":{"pos":{"x":"442","y":"-40"},"item":"Q"}
		}
	},{
		"name":"_5_1",
		"content":{
			"_1":{"pos":{"x":"0","y":"200"},"item":"聚寶盆","size":"28","explain_size":"26",
				"explain":"百搭圖案，出現在所有輪，可以替代\nSCATTER以外的所有圖標。免費遊戲期\n間，第3輪固定為WILD，且中獎獎勵翻倍。",
				"explain_pos":{"x":"200","y":"110"}},
			"_2":{"pos":{"x":"-30","y":"-60"},"item":"搖錢樹","size":"28","explain_size":"26",
				"explain":"面獎圖標，達到對應的數量即可觸發\nFREE GAMES。中獎連線中有WILD時，\n會有不同的倍數加成。",
				"explain_pos":{"x":"-195","y":"-145"}}
		}
	},{
		"name":"_5_2",
		"content":{
			"_1":{"pos":{"x":"50","y":"230"},"item":"中財神"},
			"_2":{"pos":{"x":"-345","y":"55"},"item":"金 獅"},
			"_3":{"pos":{"x":"-80","y":"55"},"item":"金 龍"},
			"_4":{"pos":{"x":"190","y":"55"},"item":"童 子"},
			"_5":{"pos":{"x":"435","y":"55"},"item":"紅燈籠"},
			"_6":{"pos":{"x":"-345","y":"-123"},"item":"A"},
			"_7":{"pos":{"x":"-80","y":"-123"},"item":"K"},
			"_8":{"pos":{"x":"190","y":"-123"},"item":"Q"},
			"_9":{"pos":{"x":"435","y":"-123"},"item":"J"}
		}
	},{
		"name":"_6_1",
		"content":{
			"_1":{"pos":{"x":"350","y":"120"},"item":"五路財神","size":"28","explain_size":"26",
				"explain":"百搭圖標，出現在所有輪，可以替代SCATTER以外的所\n有圖標。五路財神視為同一圖標。",
				"explain_pos":{"x":"120","y":"30"}},
			"_2":{"pos":{"x":"-10","y":"-100"},"item":"搖錢樹","size":"28","explain_size":"26",
				"explain":"面獎圖標，達到對應的數量即可觸發\nFREE GAMES。該圖標只出現在2、3、\n4輪。",
				"explain_pos":{"x":"-185","y":"-190"}}
		}
	},{
		"name":"_6_2",
		"content":{
			"_1":{"pos":{"x":"-80","y":"230"},"item":"錦 鯉"},
			"_2":{"pos":{"x":"190","y":"230"},"item":"金 蟾"},
			"_3":{"pos":{"x":"-345","y":"55"},"item":"萬年龜"},
			"_4":{"pos":{"x":"-80","y":"55"},"item":"金元寶"},
			"_5":{"pos":{"x":"190","y":"55"},"item":"銅 錢"},
			"_6":{"pos":{"x":"435","y":"55"},"item":"紅 包"},
			"_7":{"pos":{"x":"-345","y":"-123"},"item":"紅燈籠"},
			"_8":{"pos":{"x":"-80","y":"-123"},"item":"A"},
			"_9":{"pos":{"x":"190","y":"-123"},"item":"K"},
			"_10":{"pos":{"x":"435","y":"-123"},"item":"Q"}
		}
	},{
		"name":"_6_3",
		"content":{
			"_1":{"explain_size":"26","explain_pos":{"x":"0","y":"-230"},
				"explain":"每個財神都有不同的免費遊戲次數和倍數獎勵，玩家可以任意選擇。\n免費遊戲中，wild出現在中獎線時，會有隨機倍數的獎勵。"}
		}
	}]
}