{
	"message": [{
		"name":"_1_1",
		"content":{
			"_1":{"pos":{"x":"30","y":"255"},"item":"Liêu Trai","size":"28","explain_size":"26",
				"explain":"B.tượng SCATTER, xuất hiện ở vị trí bất\nkỳ; chỉ cần xuất hiện là được tính, không\ncần cùng 1 dòng. Có đủ số lượng sẽ\nđược FREE GAMES.",
				"explain_pos":{"x":"185","y":"165"}},
			"_2":{"pos":{"x":"-80","y":"65"},"item":"Niếp Tiểu Thiến","size":"28","explain_size":"26",
				"explain":"B.tượng WILD, xuất hiện ở vị trí bất kỳ,\ncó thể thay tất cả các b.tượng ngoại\ntrừ SCATTER.",
				"explain_pos":{"x":"-195","y":"-15"}},
			"_3":{"pos":{"x":"70","y":"-120"},"item":"B.tượng Thần Bí","size":"28","explain_size":"26",
				"explain":"B.tượng thần bí sẽ biến thành b.tượng\nbất kỳ trừ WILD và SCATTER",
				"explain_pos":{"x":"185","y":"-200"}}
		}
	},{
		"name":"_1_2",
		"content":{
			"_1":{"pos":{"x":"50","y":"230"},"item":"Ninh Thải Thần"},
			"_2":{"pos":{"x":"-345","y":"55"},"item":"Dạ Xoa"},
			"_3":{"pos":{"x":"-80","y":"55"},"item":"Phi Kiếm"},
			"_4":{"pos":{"x":"190","y":"55"},"item":"Túi Da"},
			"_5":{"pos":{"x":"435","y":"55"},"item":"Quỷ"},
			"_6":{"pos":{"x":"-345","y":"-123"},"item":"Quái"},
			"_7":{"pos":{"x":"-80","y":"-123"},"item":"Hồ"},
			"_8":{"pos":{"x":"190","y":"-123"},"item":"Yêu"},
			"_9":{"pos":{"x":"435","y":"-123"},"item":"Đạo"}
		}
	},{
		"name":"_2_1",
		"content":{
			"_1":{"pos":{"x":"30","y":"205"},"item":"Liêu Trai","size":"28","explain_size":"26",
				"explain":"B.tượng SCATTER, chỉ xuất hiện ở cột 1,\n2, 4; chỉ cần xuất hiện là được tính,\nkhông cần cùng 1 dòng. Có đủ số lượng\nsẽ được FREE GAMES.",
				"explain_pos":{"x":"185","y":"118"}},
			"_2":{"pos":{"x":"-25","y":"-60"},"item":"Họa Bì","size":"28","explain_size":"26",
				"explain":"B.tượng WILD, chỉ xuất hiện ở cột 3, biến\ncả cột thành WILD. Dòng trúng thưởng\ncó 1 WILD sẽ x2 thưởng.",
				"explain_pos":{"x":"-185","y":"-140"}}
		}
	},{
		"name":"_2_2",
		"content":{
			"_1":{"pos":{"x":"-220","y":"135"},"item":"Đạo Trưởng"},
			"_2":{"pos":{"x":"50","y":"135"},"item":"Vương Sinh"},
			"_3":{"pos":{"x":"310","y":"135"},"item":"Hồ Lô"},
			"_4":{"pos":{"x":"-340","y":"-40"},"item":"Thần Phù"},
			"_5":{"pos":{"x":"-70","y":"-40"},"item":"Kiếm Gỗ Đào"},
			"_6":{"pos":{"x":"190","y":"-40"},"item":"Phất Trần"},
			"_7":{"pos":{"x":"442","y":"-40"},"item":"Quỷ"}
		}
	},{
		"name":"_3_1",
		"content":{
			"_1":{"pos":{"x":"30","y":"205"},"item":"Liêu Trai","size":"28","explain_size":"26",
				"explain":"B.tượng SCATTER, xuất hiện ở vị trí bất\nkỳ; chỉ cần xuất hiện là được tính, không\ncần cùng 1 dòng. Có đủ số lượng sẽ\nđược FREE GAMES.",
				"explain_pos":{"x":"185","y":"118"}},
			"_2":{"pos":{"x":"-40","y":"-60"},"item":"Anh Ninh","size":"28","explain_size":"26",
				"explain":"B.tượng WILD, thay tất cả các b.tượng\nngoại trừ SCATTER. Dòng trúng thưởng\ncó 1 WILD sẽ x4 thưởng.",
				"explain_pos":{"x":"-190","y":"-142"}}
		}
	},{
		"name":"_3_2",
		"content":{
			"_1":{"pos":{"x":"-220","y":"135"},"item":"Vương Tử Phục"},
			"_2":{"pos":{"x":"50","y":"135"},"item":"Hồ Ly"},
			"_3":{"pos":{"x":"310","y":"135"},"item":"Quạt Tròn"},
			"_4":{"pos":{"x":"-340","y":"-40"},"item":"Quạt Giấy"},
			"_5":{"pos":{"x":"-70","y":"-40"},"item":"Vương Hoa"},
			"_6":{"pos":{"x":"190","y":"-40"},"item":"Song Hoa"},
			"_7":{"pos":{"x":"442","y":"-40"},"item":"Hoa Đào"}
		}
	}]
}