{
	"message": [{
		"name":"_1_1",
		"content":{
			"_1":{"pos":{"x":"0","y":"200"},"item":"聚宝盆","size":"28","explain_size":"26",
				"explain":"百搭图案，出现在所有轮，可以替代\nSCATTER以外的所有图标。","explain_pos":{"x":"185","y":"120"}},
			"_2":{"pos":{"x":"-10","y":"-60"},"item":"摇钱树","size":"28","explain_size":"26",
				"explain":"面奖图标，达到对应的数量即可触\n发FREE GAMES。","explain_pos":{"x":"-195","y":"-140"}}
		}
	},{
		"name":"_1_2",
		"content":{
			"_1":{"pos":{"x":"-80","y":"230"},"item":"东财神"},
			"_2":{"pos":{"x":"190","y":"230"},"item":"金 船"},
			"_3":{"pos":{"x":"-345","y":"55"},"item":"锦 鲤"},
			"_4":{"pos":{"x":"-80","y":"55"},"item":"金 蟾"},
			"_5":{"pos":{"x":"190","y":"55"},"item":"铜 钱"},
			"_6":{"pos":{"x":"435","y":"55"},"item":"A"},
			"_7":{"pos":{"x":"-345","y":"-123"},"item":"K"},
			"_8":{"pos":{"x":"-80","y":"-123"},"item":"J"},
			"_9":{"pos":{"x":"190","y":"-123"},"item":"Q"},
			"_10":{"pos":{"x":"435","y":"-123"},"item":"10"}
		}
	},{
		"name":"_2_1",
		"content":{
			"_1":{"pos":{"x":"10","y":"90"},"item":"摇钱树","size":"28","explain_size":"26",
				"explain":"面奖图标，达到对应的数量即可触发\nFREE GAMES。该图标只出现在2、3、\n4轮","explain_pos":{"x":"200","y":"0"}}
		}
	},{
		"name":"_2_2",
		"content":{
			"_1":{"pos":{"x":"-340","y":"135"},"item":"西财神"},
			"_2":{"pos":{"x":"-80","y":"135"},"item":"赤兔马"},
			"_3":{"pos":{"x":"190","y":"135"},"item":"玉如意"},
			"_4":{"pos":{"x":"442","y":"135"},"item":"招财进宝"},
			"_5":{"pos":{"x":"-340","y":"-40"},"item":"A"},
			"_6":{"pos":{"x":"-80","y":"-40"},"item":"K"},
			"_7":{"pos":{"x":"190","y":"-40"},"item":"Q"},
			"_8":{"pos":{"x":"442","y":"-40"},"item":"J"}
		}
	},{
		"name":"_3_1",
		"content":{
			"_1":{"pos":{"x":"10","y":"90"},"item":"聚宝盆","size":"28","explain_size":"26",
				"explain":"百搭图案，替代SCATTER以外的任意\n图标，中奖连线中每出现一个WILD，\n该线奖励x2。","explain_pos":{"x":"185","y":"0"}}
		}
	},{
		"name":"_3_2",
		"content":{
			"_1":{"pos":{"x":"-80","y":"135"},"item":"南财神"},
			"_2":{"pos":{"x":"190","y":"135"},"item":"万年龟"},
			"_3":{"pos":{"x":"-340","y":"-40"},"item":"金元宝"},
			"_4":{"pos":{"x":"-80","y":"-40"},"item":"红 包"},
			"_5":{"pos":{"x":"190","y":"-40"},"item":"A"},
			"_6":{"pos":{"x":"442","y":"-40"},"item":"K"}
		}
	},{
		"name":"_4_1",
		"content":{
			"_1":{"pos":{"x":"0","y":"255"},"item":"聚宝盆","size":"28","explain_size":"26",
				"explain":"百搭图案，出现在所有轮，可以替代\nSCATTER以外的所有图标。","explain_pos":{"x":"180","y":"170"}},
			"_2":{"pos":{"x":"-10","y":"65"},"item":"摇钱树","size":"28","explain_size":"26",
				"explain":"面奖图标，达到对应的数量即可触\n发FREE GAMES。","explain_pos":{"x":"-200","y":"-10"}},
			"_3":{"pos":{"x":"10","y":"-120"},"item":"神秘图标","size":"28","explain_size":"26",
				"explain":"神秘图标会变为WILD、SCATTER以外\n任意普通图标。","explain_pos":{"x":"185","y":"-200"}}
		}
	},{
		"name":"_4_2",
		"content":{
			"_1":{"pos":{"x":"-340","y":"135"},"item":"北财神"},
			"_2":{"pos":{"x":"-80","y":"135"},"item":"黑 虎"},
			"_3":{"pos":{"x":"190","y":"135"},"item":"福"},
			"_4":{"pos":{"x":"442","y":"135"},"item":"禄"},
			"_5":{"pos":{"x":"-340","y":"-40"},"item":"寿"},
			"_6":{"pos":{"x":"-80","y":"-40"},"item":"A"},
			"_7":{"pos":{"x":"190","y":"-40"},"item":"K"},
			"_8":{"pos":{"x":"442","y":"-40"},"item":"Q"}
		}
	},{
		"name":"_5_1",
		"content":{
			"_1":{"pos":{"x":"0","y":"200"},"item":"聚宝盆","size":"28","explain_size":"26",
				"explain":"百搭图案，出现在所有轮，可以替代\nSCATTER以外的所有图标。免费游戏期\n间，第3轮固定为WILD，且中奖奖励翻倍。",
				"explain_pos":{"x":"200","y":"110"}},
			"_2":{"pos":{"x":"-30","y":"-60"},"item":"摇钱树","size":"28","explain_size":"26",
				"explain":"面奖图标，达到对应的数量即可触发\nFREE GAMES。中奖连线中有WILD时，\n会有不同的倍数加成。",
				"explain_pos":{"x":"-195","y":"-145"}}
		}
	},{
		"name":"_5_2",
		"content":{
			"_1":{"pos":{"x":"50","y":"230"},"item":"中财神"},
			"_2":{"pos":{"x":"-345","y":"55"},"item":"金 狮"},
			"_3":{"pos":{"x":"-80","y":"55"},"item":"金 龙"},
			"_4":{"pos":{"x":"190","y":"55"},"item":"童 子"},
			"_5":{"pos":{"x":"435","y":"55"},"item":"红灯笼"},
			"_6":{"pos":{"x":"-345","y":"-123"},"item":"A"},
			"_7":{"pos":{"x":"-80","y":"-123"},"item":"K"},
			"_8":{"pos":{"x":"190","y":"-123"},"item":"Q"},
			"_9":{"pos":{"x":"435","y":"-123"},"item":"J"}
		}
	},{
		"name":"_6_1",
		"content":{
			"_1":{"pos":{"x":"350","y":"120"},"item":"五路财神","size":"28","explain_size":"26",
				"explain":"百搭图标，出现在所有轮，可以替代SCATTER以外的所\n有图标。五路财神视为同一图标。",
				"explain_pos":{"x":"120","y":"30"}},
			"_2":{"pos":{"x":"-10","y":"-100"},"item":"摇钱树","size":"28","explain_size":"26",
				"explain":"面奖图标，达到对应的数量即可触发\nFREE GAMES。该图标只出现在2、3、\n4轮。",
				"explain_pos":{"x":"-185","y":"-190"}}
		}
	},{
		"name":"_6_2",
		"content":{
			"_1":{"pos":{"x":"-80","y":"230"},"item":"锦 鲤"},
			"_2":{"pos":{"x":"190","y":"230"},"item":"金 蟾"},
			"_3":{"pos":{"x":"-345","y":"55"},"item":"万年龟"},
			"_4":{"pos":{"x":"-80","y":"55"},"item":"金元宝"},
			"_5":{"pos":{"x":"190","y":"55"},"item":"铜 钱"},
			"_6":{"pos":{"x":"435","y":"55"},"item":"红 包"},
			"_7":{"pos":{"x":"-345","y":"-123"},"item":"红灯笼"},
			"_8":{"pos":{"x":"-80","y":"-123"},"item":"A"},
			"_9":{"pos":{"x":"190","y":"-123"},"item":"K"},
			"_10":{"pos":{"x":"435","y":"-123"},"item":"Q"}
		}
	},{
		"name":"_6_3",
		"content":{
			"_1":{"explain_size":"26","explain_pos":{"x":"0","y":"-230"},
				"explain":"每个财神都有不同的免费游戏次数和倍数奖励，玩家可以任意选择。\n免费游戏中，wild出现在中奖线时，会有随机倍数的奖励。"}
		}
	}]
}