{
	"message": [{
		"name":"_12_1",
		"content":{
			"_1":{"pos":{"x":"40","y":"250"},"item":"Dragon Ball","size":"28","explain_size":"26",
				"explain":"The SCATTER, at least 3 Scatter\nsymbols anywhere on the reels asctive\nFREE GAMES.",
				"explain_pos":{"x":"185","y":"170"}},
			"_2":{"pos":{"x":"-20","y":"65"},"item":"Dragon","size":"28","explain_size":"26",
				"explain":"The WILD symbols substitutes any other\nsymbol except Scatter and Bonus. Every\nWILD symbol appear on the paylines,\nwinnings get extral times.",
				"explain_pos":{"x":"-190","y":"-16"}},
			"_3":{"pos":{"x":"220","y":"-120"},"item":"Dragon Glass","size":"28","explain_size":"26",
				"explain":"TIMES symbols can appear on\nany reel and 6 or more symbols to\ntrigger the FEVER GAMES.",
				"explain_pos":{"x":"320","y":"-200"}}
		}
	},{
		"name":"_12_2",
		"content":{
			"_1":{"pos":{"x":"50","y":"230"},"item":"Maitreya"},
			"_2":{"pos":{"x":"-345","y":"55"},"item":"Golden Lion"},
			"_3":{"pos":{"x":"-80","y":"55"},"item":"Money Tree"},
			"_4":{"pos":{"x":"190","y":"55"},"item":"Golden Pig"},
			"_5":{"pos":{"x":"435","y":"55"},"item":"K"},
			"_6":{"pos":{"x":"-345","y":"-123"},"item":"Q"},
			"_7":{"pos":{"x":"-80","y":"-123"},"item":"J"},
			"_8":{"pos":{"x":"190","y":"-123"},"item":"10"},
			"_9":{"pos":{"x":"435","y":"-123"},"item":"9"}
		}
	},{
		"name":"_13_1",
		"content":{
			"_1":{"pos":{"x":"40","y":"200"},"item":"Firecracker","size":"28","explain_size":"26",
				"explain":"The SCATTER symbol do not need to\nappear on the payline to trigger\nFREE GAMES. ",
				"explain_pos":{"x":"185","y":"115"}},
			"_2":{"pos":{"x":"-60","y":"-55"},"item":"Flying Dragon","size":"28","explain_size":"26",
				"explain":"The WILD symbol can appear on 2-4\nreels and it subsititutes all of the\nsymbols except SCATTER symbols.",
				"explain_pos":{"x":"-190","y":"-140"}}
		}
	},{
		"name":"_13_2",
		"content":{
			"_1":{"pos":{"x":"-220","y":"230"},"item":"Tiger"},
			"_2":{"pos":{"x":"50","y":"230"},"item":"Golden Toad"},
			"_3":{"pos":{"x":"310","y":"230"},"item":"Golden Turtle"},
			"_4":{"pos":{"x":"-345","y":"55"},"item":"Golden Rabbit"},
			"_5":{"pos":{"x":"-80","y":"55"},"item":"Golden Fish"},
			"_6":{"pos":{"x":"190","y":"55"},"item":"Rich"},
			"_7":{"pos":{"x":"435","y":"55"},"item":"Blessing"},
			"_8":{"pos":{"x":"-345","y":"-123"},"item":"Fortune"},
			"_9":{"pos":{"x":"-80","y":"-123"},"item":"Longevity"},
			"_10":{"pos":{"x":"190","y":"-123"},"item":"Happy"}
		}
	},{
		"name":"_14_1",
		"content":{
			"_1":{"pos":{"x":"70","y":"205"},"item":"Lucky Fortune","size":"28","explain_size":"26",
				"explain":"The SCATTER symbol do not need to\nappear on the payline to trigger\nFREE GAMES. ",
				"explain_pos":{"x":"185","y":"115"}},
			"_2":{"pos":{"x":"-20","y":"-55"},"item":"Panda","size":"28","explain_size":"26",
				"explain":"The WILD symbol can appear on 2-5\nreels and it subsititutes all of\nthe symbols except SCATTER symbols.",
				"explain_pos":{"x":"-190","y":"-135"}}
		}
	},{
		"name":"_14_2",
		"content":{
			"_1":{"pos":{"x":"-345","y":"230"},"item":"Temple"},
			"_2":{"pos":{"x":"-80","y":"230"},"item":"Golden Fish"},
			"_3":{"pos":{"x":"190","y":"230"},"item":"Umbrella"},
			"_4":{"pos":{"x":"445","y":"230"},"item":"Lucky Bamboo"},
			"_5":{"pos":{"x":"-345","y":"55"},"item":"Lotus"},
			"_6":{"pos":{"x":"-80","y":"55"},"item":"A"},
			"_7":{"pos":{"x":"190","y":"55"},"item":"K"},
			"_8":{"pos":{"x":"445","y":"55"},"item":"Q"},
			"_9":{"pos":{"x":"-345","y":"-123"},"item":"J"},
			"_10":{"pos":{"x":"-80","y":"-123"},"item":"10"},
			"_11":{"pos":{"x":"190","y":"-123"},"item":"9"}
		}
	},{
		"name":"_15_1",
		"content":{
			"_1":{"pos":{"x":"0","y":"200"},"item":"Gold","size":"28","explain_size":"26",
				"explain":"The SCATTER, at least 3 Scatter\nsymbols anywhere on the reels asctive\nFREE GAMES.",
				"explain_pos":{"x":"185","y":"115"}},
 			"_2":{"pos":{"x":"-30","y":"-55"},"item":"Phoenix","size":"28","explain_size":"26",
				"explain":"The WILD symbol can appear on 2-4\nreels and it subsititutes all of the\nsymbols except SCATTER symbols.",
				"explain_pos":{"x":"-190","y":"-140"}}
		}
	},{
		"name":"_15_2",
		"content":{
			"_1":{"pos":{"x":"-210","y":"230"},"item":"Wu"},
			"_2":{"pos":{"x":"50","y":"230"},"item":"Hairpin"},
			"_3":{"pos":{"x":"310","y":"230"},"item":"Fan"},
			"_4":{"pos":{"x":"-345","y":"55"},"item":"Shoes"},
			"_5":{"pos":{"x":"-80","y":"55"},"item":"Red Envelope"},
			"_6":{"pos":{"x":"190","y":"55"},"item":"A"},
			"_7":{"pos":{"x":"445","y":"55"},"item":"K"},
			"_8":{"pos":{"x":"-345","y":"-123"},"item":"Q"},
			"_9":{"pos":{"x":"-80","y":"-123"},"item":"J"},
			"_10":{"pos":{"x":"190","y":"-123"},"item":"10"},
			"_11":{"pos":{"x":"445","y":"-123"},"item":"9"}
		}
	},{
		"name":"_16_1",
		"content":{
			"_1":{"pos":{"x":"10","y":"200"},"item":"Ingots","size":"28","explain_size":"26",
				"explain":"The SCATTER symbol do not need to\nappear on the payline to trigger 7 FREE\nGAMES. Only appear on\nreels 1、3、5.",
				"explain_pos":{"x":"185","y":"115"}},
			"_2":{"pos":{"x":"-60","y":"-55"},"item":"God of Wealth","size":"28","explain_size":"26",
				"explain":"The WILD symbol can appear on any\nreels and it subsititutes all of the\nsymbols except SCATTER symbols.",
				"explain_pos":{"x":"-190","y":"-140"}}
		}
	},{
		"name":"_16_2",
		"content":{
			"_1":{"pos":{"x":"-220","y":"230"},"item":"Dragon"},
			"_2":{"pos":{"x":"50","y":"230"},"item":"Copper Coins"},
			"_3":{"pos":{"x":"310","y":"230"},"item":"Rings"},
			"_4":{"pos":{"x":"-345","y":"55"},"item":"Koi"},
			"_5":{"pos":{"x":"-80","y":"55"},"item":"Red Envelope"},
			"_6":{"pos":{"x":"190","y":"55"},"item":"K"},
			"_7":{"pos":{"x":"435","y":"55"},"item":"Q"},
			"_8":{"pos":{"x":"-345","y":"-123"},"item":"J"},
			"_9":{"pos":{"x":"-80","y":"-123"},"item":"10"},
			"_10":{"pos":{"x":"190","y":"-123"},"item":"9"}
		}
	},{
		"name":"_17_1",
		"content":{
			"_1":{"pos":{"x":"20","y":"265"},"item":"Lantern","size":"28","explain_size":"26",
				"explain":"The SCATTER symbol do not need to\nappear on the payline to trigger 5 FREE\nGAMES. Only appear on reels 1、3、5.",
				"explain_pos":{"x":"185","y":"180"}},
			"_2":{"pos":{"x":"-20","y":"70"},"item":"Tinger","size":"28","explain_size":"26",
				"explain":"The WILD symbol can appear on any\nreels and it subsititutes all of the\nsymbols except SCATTER symbols.",
				"explain_pos":{"x":"-195","y":"-15"}},
			"_3":{"pos":{"x":"30","y":"-115"},"item":"Emerald","size":"28","explain_size":"26",
				"explain":"The FEATURE symbol can appear on\nreel 1、3、5 to add 1、3、5 FREE\nGAMES.",
				"explain_pos":{"x":"180","y":"-200"}}
		}
	},{
		"name":"_17_2",
		"content":{
			"_1":{"pos":{"x":"-80","y":"230"},"item":"3 Coins"},
			"_2":{"pos":{"x":"190","y":"230"},"item":"Lotus"},
			"_3":{"pos":{"x":"-345","y":"55"},"item":"Crane"},
			"_4":{"pos":{"x":"-80","y":"55"},"item":"Kois"},
			"_5":{"pos":{"x":"190","y":"55"},"item":"A"},
			"_6":{"pos":{"x":"435","y":"55"},"item":"K"},
			"_7":{"pos":{"x":"-345","y":"-123"},"item":"Q"},
			"_8":{"pos":{"x":"-80","y":"-123"},"item":"J"},
			"_9":{"pos":{"x":"190","y":"-123"},"item":"10"},
			"_10":{"pos":{"x":"435","y":"-123"},"item":"9"}
		}
	}{
		"name":"_18_1",
		"content":{
			"_1":{"pos":{"x":"10","y":"200"},"item":"Gold","size":"28","explain_size":"26",
				"explain":"The SCATTER symbol do not need to\nappear on the payline to trigger 10 FREE\nGAMES. Only appear on reels 1、3、5.",
				"explain_pos":{"x":"185","y":"115"}},
			"_2":{"pos":{"x":"-30","y":"-55"},"item":"Heroine","size":"28","explain_size":"26",
				"explain":"The WILD symbol can appear on only\nreel 3 and it subsititutes all of the\nsymbols except SCATTER symbols.",
				"explain_pos":{"x":"-190","y":"-140"}}
		}
	},{
		"name":"_18_2",
		"content":{
			"_1":{"pos":{"x":"-210","y":"230"},"item":"Dragon"},
			"_2":{"pos":{"x":"50","y":"230"},"item":"Phoenix"},
			"_3":{"pos":{"x":"320","y":"230"},"item":"Elephant"},
			"_4":{"pos":{"x":"-345","y":"55"},"item":"Turtle"},
			"_5":{"pos":{"x":"-80","y":"55"},"item":"A"},
			"_6":{"pos":{"x":"190","y":"55"},"item":"K"},
			"_7":{"pos":{"x":"435","y":"55"},"item":"Q"},
			"_8":{"pos":{"x":"-345","y":"-123"},"item":"J"},
			"_9":{"pos":{"x":"-80","y":"-123"},"item":"10"}
		}
	}]
}