{
	"message": [{
		"name":"_1_1",
		"content":{
			"_1":{"pos":{"x":"10","y":"225"},"item":"财","size":"28","explain_size":"26",
				"explain":"面奖图示，出现在任意列，只要出现\n即产生支付，无需连线。3个以上触\n发7 FREE GAMES。",
				"explain_pos":{"x":"185","y":"125"}},
			"_2":{"pos":{"x":"-10","y":"-50"},"item":"色","size":"28","explain_size":"26",
				"explain":"百搭图示，出现在任意列，可替代\nSCATTER以外的任意图示。",
				"explain_pos":{"x":"-190","y":"-135"}}
		}
	},{
		"name":"_1_2",
		"content":{
			"_1":{"pos":{"x":"50","y":"230"},"item":"金 莲"},
			"_2":{"pos":{"x":"-345","y":"55"},"item":"西门庆"},
			"_3":{"pos":{"x":"-80","y":"55"},"item":"大 郎"},
			"_4":{"pos":{"x":"190","y":"55"},"item":"酒 杯"},
			"_5":{"pos":{"x":"435","y":"55"},"item":"春 药"},
			"_6":{"pos":{"x":"-345","y":"-123"},"item":"A"},
			"_7":{"pos":{"x":"-80","y":"-123"},"item":"K"},
			"_8":{"pos":{"x":"190","y":"-123"},"item":"Q"},
			"_9":{"pos":{"x":"435","y":"-123"},"item":"J"}
		}
	},{
		"name":"_2_1",
		"content":{
			"_1":{"pos":{"x":"10","y":"225"},"item":"财","size":"28","explain_size":"26",
				"explain":"面奖图示，出现在任意列，只要出现\n即产生支付，无需连线。3个以上触\n发FREE GAMES。",
				"explain_pos":{"x":"185","y":"125"}},
			"_2":{"pos":{"x":"-10","y":"-25"},"item":"色","size":"28","explain_size":"26",
				"explain":"百搭图示，出现在2、3、4列，可\n替代SCATTER以外的任意图示。",
				"explain_pos":{"x":"-190","y":"-125"}}
		}
	},{
		"name":"_2_2",
		"content":{
			"_1":{"pos":{"x":"50","y":"230"},"item":"李瓶儿"},
			"_2":{"pos":{"x":"-345","y":"55"},"item":"西门庆"},
			"_3":{"pos":{"x":"-80","y":"55"},"item":"白 猫"},
			"_4":{"pos":{"x":"190","y":"55"},"item":"拨浪鼓"},
			"_5":{"pos":{"x":"435","y":"55"},"item":"花 瓶"},
			"_6":{"pos":{"x":"-345","y":"-123"},"item":"A"},
			"_7":{"pos":{"x":"-80","y":"-123"},"item":"K"},
			"_8":{"pos":{"x":"190","y":"-123"},"item":"Q"},
			"_9":{"pos":{"x":"435","y":"-123"},"item":"J"}
		}
	},{
		"name":"_3_1",
		"content":{
			"_1":{"pos":{"x":"-10","y":"235"},"item":"财","size":"28","explain_size":"26",
				"explain":"面奖图示，出现在任意列，只要出现即产生\n支付，不必连线。3个以上触发FREE GAMES。",
				"explain_pos":{"x":"200","y":"125"}},
			"_2":{"pos":{"x":"-10","y":"-25"},"item":"色","size":"28","explain_size":"26",
				"explain":"百搭图示，出现在任意列，可替代\nSCATTER以外的任意图示。",
				"explain_pos":{"x":"-190","y":"-125"}}
		}
	},{
		"name":"_3_2",
		"content":{
			"_1":{"pos":{"x":"50","y":"230"},"item":"庞春梅"},
			"_2":{"pos":{"x":"-345","y":"55"},"item":"西门庆"},
			"_3":{"pos":{"x":"-80","y":"55"},"item":"羽 毛"},
			"_4":{"pos":{"x":"190","y":"55"},"item":"香 炉"},
			"_5":{"pos":{"x":"445","y":"55"},"item":"鼻烟壶"},
			"_6":{"pos":{"x":"-345","y":"-123"},"item":"A"},
			"_7":{"pos":{"x":"-80","y":"-123"},"item":"K"},
			"_8":{"pos":{"x":"190","y":"-123"},"item":"Q"},
			"_9":{"pos":{"x":"445","y":"-123"},"item":"J"}
		}
	}]
}