{
	"FAQ": [{
		"title": "1问：游戏中的货币是怎么回事",
		"content": "游戏中虚拟货币分为钻石和金币，金币用于游戏中内容的使用，钻石用于购买金币和游戏中的其他道具。游戏内所有货币均为虚拟货币，仅供玩家个人娱乐，严谨玩家交易转让。如有类似情况发生，涉及游戏账号将被封停。"
	},{
		"title": "2问：游戏过程中断开连接",
		"content": "请检测您的网络环境，换个好点的网。如果还是不行，就还是找客服MM反馈问题吧。同样请提供您的网络环境（WiFi或者移动网络，网络提供商）"
	},{
		"title": "3问：无法更新游戏/下载资源出错",
		"content": "检查您的网络连接，可以尝试重装游戏或者联系客服。"
	},{
		"title": "4问：无法登录游戏",
		"content": "请检查您的网络链接，如果您的网络正常仍无法登录游戏，请及时联系客服反馈问题。\n请尝试更换网络环境，如果3G、4G、WiFi等连接方式相互切换，仍无法解决问题，请及时联系我们客服。\n如有登录提示的错误代码，请将您的UID连同错误代码提供给客服MM。"
	},{
		"title": "5问：如何避免个别玩家刷屏",
		"content": "点击该玩家头像，点击【举报】按钮即可。"
	},{
		"title": "6问：充值不到账怎么办",
		"content": "正常情况下，如果有网络延迟或者其他原因导致的虚拟货币不到账，我们系统会自动检测并补发；如果没有补发，请您带好你的付费证明（付费截图）连同您的游戏UID，提供给我们客服，我们会及时补发。"
	}]
}