{
	"INTERNAL_TIPS" : "↓↓↓ 服务器端 内部通讯协议",

	"INTERNAL_BEGIN" : 0,

	"HEARTBEAT" : 10,
	"BACKDOOR" : 11,

	"INTERNAL_END" : 99,

	"GAME_TIPS" : "↓↓↓ 客户端<--->游戏服 通讯协议号",

	"CLIENT_BEGIN" : 100,

	"LOGIN" : 100,
	"CLIENT_READY" : 101,
	"OFFLINE_NTF" : 102,
	"BIND" : 103,
	"IS_BOUND" : 104,
	"ACTION_NODE" : 105,
	"NEW_GUIDELINE_NTF" : 106,

	"SIGN_IN_NEWBIE_LIST" : 110,
	"SIGN_IN_NEWBIE" : 111,

	"SIGN_IN_LOOP_LIST" : 120,
	"SIGN_IN_LOOP" : 121,

	"GIFT_LIST" : 130,
	"GIFT_SEND" : 131,
	"GIFT_RECEIVED_NTF" : 132,
	"GIFT_OFFLINE_RECEIVED_NTF" : 133,
	"GIFT_SEND_NTF" : 134,

	"FRIEND_APPLICATION_LIST" : 140,
	"FRIEND_FRIEND_LIST" : 141,
	"FRIEND_SEND_APPLICATION" : 142,
	"FRIEND_ACCEPT_APPLICATION" : 143,
	"FRIEND_REJECT_APPLICATION" : 144,
	"FRIEND_REMOVE_FRIEND" : 145,
	"FRIEND_NEW_APPLICATION_NTF" : 146,
	"FRIEND_NEW_FRIEND_NTF" : 147,
	"FRIEND_REMOVED_FRIEND_NTF" : 148,
	"FRIEND_REMOVED_APPLICATION_NTF" : 149,

	"CRATES_LIST" : 150,
	"GET_CRATE" : 151,

	"CAN_ROLL" : 160,
	"ROLL_BEGIN" : 161,
	"ROLL_END" : 162,

	"ROLE_INFO" : 200,
	"ATTRIBUTE_CHANGED_NTF" : 201,
	"LEVEL_UP_NTF" : 202,
	"VIP_LEVEL_UP_NTF" : 203,
	"COMMENTED_REWARD" : 204,
	"SHARED_REWARD" : 205,
	"CHANGE_NAME" : 206,
	"CHANGE_HEAD" : 207,
	"CHANGE_REGION" : 208,
	"REGION_SWITCH" : 209,
	"LIKE" : 210,
	"LIKE_NTF" : 211,
	"ONLINE_LIST" : 212,
	"BANKRUPT_INFO" : 213,
	"BANKRUPT" : 214,
	"GAME_STATISTICS" : 215,
	"SUGGESTION" : 216,
	"OFFLINE_LIKES_NTF" : 217,

	"TICKET_CONFIG_LIST" : 250,
	"TICKET_PERSONAL_INFO" : 251,
	"TICKET_MODIFY_INFO" : 252,
	"TICKET_EXCHANGE" : 253,
	"TICKET_HISTORY" : 254,
	"TICKET_DROP" : 255,
	"TICKET_DRAW_LIST" : 256,
	"TICKET_DRAW_BEGIN" : 257,
	"TICKET_DRAW_END" : 258,
	"TICKET_DRAW_BIGWIN_NTF" : 259,

	"GAMES_LIST" : 300,
	"ENTER_GAME" : 301,
	"LEAVE_GAME" : 302,
	"GAME_ACTION_NTF" : 303,
	"CDKEY" : 304,
	"FEEDBACK" : 305,
	"GAME_PLAYERS_LIST" : 306,
	"RANK_CONFIG_LIST" : 307,
	"RANK_LIST" : 308,
	"SCORE_CHANGED_NTF" : 309,
	"GAME_REWARD_NTF" : 310,

	"JACKPOT_HISTORY" : 340,
	"JACKPOT_NTF" : 341,
	"GOT_JACKPOT_NTF" : 342,

	"CHAT" : 400,
	"CHAT_NTF" : 401,
	"CHAT_ACCUSE" : 402,
	"MSGBOX_NTF" : 403,

	"RED_ENVELOPE_LIST" : 450,
	"SEND_RED_ENVELOPE" : 451,
	"RED_ENVELOPE_NTF" : 452,
	"GRAB_RED_ENVELOPE" : 453,
	"RED_ENVELOPE_GRABBERS_LIST" : 454,

	"ITEMS_LIST" : 500,
	"BAG_ITEMS" : 501,
	"USE_ITEM" : 502,
	"EXCHANGE_ITEM" : 503,
	"NEW_ITEMS_NTF" : 504,
	"GOT_ITEMS_NTF" : 505,

	"VIP_CONFIG_LIST" : 550,
	"LEVEL_CONFIG_LIST" : 551,

	"NEW_MAIL_NTF" : 600,
	"MAIL_LIST" : 601,
	"SEND_MAIL" : 603,
	"READ_MAIL" : 604,
	"GET_MAIL_ATTACHS" : 605,
	"DELETE_MAIL" : 606,
	"MAIL_DELETED_NTF" : 607,
	"OFFLINE_MAILS_NTF" : 608,

	"TASKS_CONFIG_LIST" : 650,
	"TASKS_LIST" : 651,
	"TASK_UPDATED_NTF" : 652,
	"TASK_DONE_NTF" : 653,
	"TASK_REWARDS" : 654,

	"STORE_LIST" : 700,
	"ORDER" : 701,
	"VERIFY" : 702,
	"BUY_SCORE" : 703,
	"NEWBIE_INFO" : 704,
	"MONTH_CARD_INFO" : 705,
	"MONTH_CARD_GET" : 706,

	"ACTIVITY_LIST" : 750,
	"ACTIVITY_UPDATED_NTF" : 751,
	"ACTIVITY_STATUS_NTF" : 752,
	"ACTIVITY_GET" : 753,

	"SHZ_PLAY" : 311,
	"SHZ_ANIMATE_DONE" : 313,
	"SHZ_LAST_BONUS_PROGRESS" : 314,
	"SHZ_PLAY_BONUS" : 315,

	"YZM_PLAY" : 320,
	"YZM_ANIMATE_DONE" : 322,
	"YZM_LAST_BONUS_PROGRESS" : 323,
	"YZM_PLAY_BONUS" : 324,

	"FISH_PLAY" : 330,
	"FISH_UNLOCKED_BETS" : 331,
	"FISH_UNLOCK_BET_INDEX" : 332,
	"FISH_ADD_ROBOT" : 333,
	"FISH_REMOVE_ROBOT" : 334,
	"FISH_KILL" : 335,

	"MM_PLAY" : 350,
	"MM_ANIMATE_DONE" : 351,
	"MM_LAST_BONUS_PROGRESS" : 352,
	"MM_CHOOSE_FREE_GAME" : 353,

	"XYJ_PLAY" : 360,
	"XYJ_ANIMATE_DONE" : 361,
	"XYJ_LAST_BONUS_PROGRESS" : 362,

	"LZ_PLAY" : 370,
	"LZ_ANIMATE_DONE" : 371,
	"LZ_LAST_BONUS_PROGRESS" : 372,

	"DG_PLAY" : 380,
	"DG_ANIMATE_DONE" : 381,
	"DG_LAST_BONUS_PROGRESS" : 382,

	"PLC_PLAY" : 390,
	"PLC_ANIMATE_DONE" : 391,
	"PLC_LAST_BONUS_PROGRESS" : 392,

	"FSB_PLAY" : 410,
	"FSB_ANIMATE_DONE" : 411,
	"FSB_LAST_BONUS_PROGRESS" : 412,

	"JPM_PLAY" : 325,
	"JPM_ANIMATE_DONE" : 326,
	"JPM_LAST_BONUS_PROGRESS" : 327,

	"BSZ_PLAY" : 337,
	"BSZ_ANIMATE_DONE" : 338,
	"BSZ_LAST_BONUS_PROGRESS" : 339,

	"SLBZ_PLAY" : 317,
	"SLBZ_ANIMATE_DONE" : 318,
	"SLBZ_LAST_BONUS_PROGRESS" : 319,

	"LZHD_PLAY" : 343,
	"LZHD_ANIMATE_DONE" : 344,
	"LZHD_LAST_BONUS_PROGRESS" : 345,

	"ZCXM_PLAY" : 347,
	"ZCXM_ANIMATE_DONE" : 348,
	"ZCXM_LAST_BONUS_PROGRESS" : 349,

	"HYNH_PLAY" : 355,
	"HYNH_ANIMATE_DONE" : 356,
	"HYNH_LAST_BONUS_PROGRESS" : 357,

	"CSD_PLAY" : 363,
	"CSD_ANIMATE_DONE" : 364,
	"CSD_LAST_BONUS_PROGRESS" : 365,

	"HHSC_PLAY" : 367,
	"HHSC_ANIMATE_DONE" : 368,
	"HHSC_LAST_BONUS_PROGRESS" : 369,

	"XN_PLAY" : 373,
	"XN_ANIMATE_DONE" : 374,
	"XN_LAST_BONUS_PROGRESS" : 375,

	"MQ_SCORE_LIST" : 377,

	"DP_STATUS_NTF" : 384,
	"DP_BET" : 385,
	"DP_ALL_BETS_NTF" : 386,
	"DP_RESULT_LIST_NTF" : 387,
	"DP_HISTORIES_NTF" : 388,

	"DL_STATUS_NTF" : 395,
	"DL_BET" : 396,
	"DL_ALL_BETS_NTF" : 397,
	"DL_RESULT_LIST_NTF" : 398,
	"DL_HISTORIES_NTF" : 399,

	"CLIENT_END" : 1999,

	"END_ID" : 50000
}
