{
	"message": [{
		"name":"_1_1",
		"content":{
			"_1":{"pos":{"x":"50","y":"200"},"item":"Bồn Tụ Bảo","size":"28","explain_size":"26",
				"explain":"B.tượng WILD, xuất hiện tất cả lượt,\ncó thể thay tất cả các b.tượng ngoại trừ\nSCATTER.",
				"explain_pos":{"x":"185","y":"110"}},
			"_2":{"pos":{"x":"-40","y":"-55"},"item":"Cây Tiền","size":"28","explain_size":"26",
				"explain":"B.tượng SCATTER, có đủ số lượng sẽ\nđược FREE GAMES.",
				"explain_pos":{"x":"-195","y":"-140"}}
		}
	},{
		"name":"_1_2",
		"content":{
			"_1":{"pos":{"x":"-80","y":"230"},"item":"Thần Tài Đông"},
			"_2":{"pos":{"x":"190","y":"230"},"item":"Thuyền Vàng"},
			"_3":{"pos":{"x":"-345","y":"55"},"item":"Cẩm Lý"},
			"_4":{"pos":{"x":"-80","y":"55"},"item":"Kim Thiềm"},
			"_5":{"pos":{"x":"190","y":"55"},"item":"Tiền Đồng"},
			"_6":{"pos":{"x":"435","y":"55"},"item":"A"},
			"_7":{"pos":{"x":"-345","y":"-123"},"item":"K"},
			"_8":{"pos":{"x":"-80","y":"-123"},"item":"J"},
			"_9":{"pos":{"x":"190","y":"-123"},"item":"Q"},
			"_10":{"pos":{"x":"435","y":"-123"},"item":"10"}
		}
	},{
		"name":"_2_1",
		"content":{
			"_1":{"pos":{"x":"30","y":"90"},"item":"Cây Tiền","size":"28","explain_size":"26",
				"explain":"B.tượng SCATTER, có đủ số lượng sẽ\nđược FREE GAMES. B.tượng chỉ xuất\nhiện ở lượt 2, 3, 4.",
				"explain_pos":{"x":"190","y":"0"}}
		}
	},{
		"name":"_2_2",
		"content":{
			"_1":{"pos":{"x":"-340","y":"135"},"item":"Thần Tài Tây"},
			"_2":{"pos":{"x":"-80","y":"135"},"item":"Ngựa Xích Thố"},
			"_3":{"pos":{"x":"190","y":"135"},"item":"Ngọc Như Ý"},
			"_4":{"pos":{"x":"442","y":"135"},"item":"Chiêu Tài"},
			"_5":{"pos":{"x":"-340","y":"-40"},"item":"A"},
			"_6":{"pos":{"x":"-80","y":"-40"},"item":"K"},
			"_7":{"pos":{"x":"190","y":"-40"},"item":"Q"},
			"_8":{"pos":{"x":"442","y":"-40"},"item":"J"}
		}
	},{
		"name":"_3_1",
		"content":{
			"_1":{"pos":{"x":"40","y":"90"},"item":"Bồn Tụ Bảo","size":"28","explain_size":"26",
				"explain":"B.tượng WILD, thay tất cả các b.tượng\nngoại trừ SCATTER. Dòng trúng thưởng\ncó 1 WILD sẽ x2 thưởng.",
				"explain_pos":{"x":"185","y":"0"}}
		}
	},{
		"name":"_3_2",
		"content":{
			"_1":{"pos":{"x":"-80","y":"135"},"item":"Thần Tài Nam"},
			"_2":{"pos":{"x":"190","y":"135"},"item":"Rùa Vạn Năm"},
			"_3":{"pos":{"x":"-340","y":"-40"},"item":"Kim Nguyên Bảo"},
			"_4":{"pos":{"x":"-80","y":"-40"},"item":"Lì xì"},
			"_5":{"pos":{"x":"190","y":"-40"},"item":"A"},
			"_6":{"pos":{"x":"442","y":"-40"},"item":"K"}
		}
	},{
		"name":"_4_1",
		"content":{
			"_1":{"pos":{"x":"50","y":"255"},"item":"Bồn Tụ Bảo","size":"28","explain_size":"26",
				"explain":"B.tượng WILD, xuất hiện tất cả lượt,\ncó thể thay tất cả các b.tượng ngoại trừ\nSCATTER.",
				"explain_pos":{"x":"180","y":"175"}},
			"_2":{"pos":{"x":"-50","y":"65"},"item":"Cây Tiền","size":"28","explain_size":"26",
				"explain":"B.tượng SCATTER, có đủ số lượng sẽ\nđược FREE GAMES.",
				"explain_pos":{"x":"-200","y":"-15"}},
			"_3":{"pos":{"x":"70","y":"-120"},"item":"B.tượng Thần Bí","size":"28","explain_size":"26",
				"explain":"B.tượng thần bí sẽ biến thành b.tượng\nbất kỳ trừ WILD và SCATTER.",
				"explain_pos":{"x":"185","y":"-200"}}
		}
	},{
		"name":"_4_2",
		"content":{
			"_1":{"pos":{"x":"-340","y":"135"},"item":"Thần Tài Bắc"},
			"_2":{"pos":{"x":"-80","y":"135"},"item":"Hổ Đen"},
			"_3":{"pos":{"x":"190","y":"135"},"item":"Phúc"},
			"_4":{"pos":{"x":"442","y":"135"},"item":"Lộc"},
			"_5":{"pos":{"x":"-340","y":"-40"},"item":"Thọ"},
			"_6":{"pos":{"x":"-80","y":"-40"},"item":"A"},
			"_7":{"pos":{"x":"190","y":"-40"},"item":"K"},
			"_8":{"pos":{"x":"442","y":"-40"},"item":"Q"}
		}
	},{
		"name":"_5_1",
		"content":{
			"_1":{"pos":{"x":"30","y":"200"},"item":"Bồn Tụ Bảo","size":"28","explain_size":"26",
				"explain":"B.tượng WILD, thay tất cả các b.tượng\nngoại trừ SCATTER. Trong thời gian FREE\nGAMES, lượt thứ 3 sẽ thành WILD và được\nnhân thưởng.",
				"explain_pos":{"x":"185","y":"110"}},
			"_2":{"pos":{"x":"-60","y":"-60"},"item":"Cây Tiền","size":"28","explain_size":"26",
				"explain":"B.tượng SCATTER, có đủ số lượng sẽ\nđược FREE GAMES. Dòng trúng thưởng\ncó WILD sẽ được nhân thưởng.",
				"explain_pos":{"x":"-205","y":"-145"}}
		}
	},{
		"name":"_5_2",
		"content":{
			"_1":{"pos":{"x":"50","y":"230"},"item":"Thần Tài Trung"},
			"_2":{"pos":{"x":"-345","y":"55"},"item":"Sư Tử Vàng"},
			"_3":{"pos":{"x":"-80","y":"55"},"item":"Rồng Vàng"},
			"_4":{"pos":{"x":"190","y":"55"},"item":"Đồng Tử"},
			"_5":{"pos":{"x":"435","y":"55"},"item":"Lồng Đèn Đỏ"},
			"_6":{"pos":{"x":"-345","y":"-123"},"item":"A"},
			"_7":{"pos":{"x":"-80","y":"-123"},"item":"K"},
			"_8":{"pos":{"x":"190","y":"-123"},"item":"Q"},
			"_9":{"pos":{"x":"435","y":"-123"},"item":"J"}
		}
	},{
		"name":"_6_1",
		"content":{
			"_1":{"pos":{"x":"350","y":"120"},"item":"Cây Tiền","size":"28","explain_size":"26",
				"explain":"B.tượng SCATTER, có đủ số lượng sẽ được FREE GAMES.\nChỉ xuất hiện ở lượt 2, 3, 4.",
				"explain_pos":{"x":"120","y":"30"}},
			"_2":{"pos":{"x":"-70","y":"-100"},"item":"Thần Tài Đông","size":"28","explain_size":"26",
				"explain":"B.tượng WILD, xuất hiện tất cả lượt,\ncó thể thay tất cả các b.tượng ngoại trừ\nSCATTER. Thần Tài Ngũ Lộ được tính là\n1 b.tượng.",
				"explain_pos":{"x":"-195","y":"-190"}}
		}
	},{
		"name":"_6_2",
		"content":{
			"_1":{"pos":{"x":"-80","y":"230"},"item":"Cẩm Lý"},
			"_2":{"pos":{"x":"190","y":"230"},"item":"Kim Thiềm"},
			"_3":{"pos":{"x":"-345","y":"55"},"item":"Rùa Vạn Năm"},
			"_4":{"pos":{"x":"-80","y":"55"},"item":"Kim Nguyên Bảo"},
			"_5":{"pos":{"x":"190","y":"55"},"item":"Tiền Đồng"},
			"_6":{"pos":{"x":"435","y":"55"},"item":"Lì xì"},
			"_7":{"pos":{"x":"-345","y":"-123"},"item":"Lồng Đèn Đỏ"},
			"_8":{"pos":{"x":"-80","y":"-123"},"item":"A"},
			"_9":{"pos":{"x":"190","y":"-123"},"item":"K"},
			"_10":{"pos":{"x":"435","y":"-123"},"item":"Q"}
		}
	},{
		"name":"_6_3",
		"content":{
			"_1":{"explain_size":"26","explain_pos":{"x":"0","y":"-230"},
				"explain":"Mỗi Thần Tài có số lần FREE GAMES và số nhân thưởng khác nhau, người chơi có thể lựa\nchọn. Trong FREE GAMES, khi WILD ở dòng trúng thưởng, có thể nhân thưởng ngẫu nhiên."}
		}
	}]
}