{
	"message": [{
		"name":"_1_1",
		"content":{
			"_1":{"pos":{"x":"0","y":"205"},"item":"龙 珠","size":"28","explain_size":"26",
				"explain":"面奖图示，出现在任意位置，只要出\n现即产生支付，无需连线。3个以上\n触发FREE GAMES。",
				"explain_pos":{"x":"185","y":"115"}},
			"_2":{"pos":{"x":"-3","y":"-55"},"item":"黄 龙","size":"28","explain_size":"26",
				"explain":"百搭图示，出现在任意位置，替代\nSCATTER以外的任意图示。FREE\nGAMES期间，每次出奖2-4列必出统\n一图示（SCATTER除外）。",
				"explain_pos":{"x":"-190","y":"-140"}}
		}
	},{
		"name":"_1_2",
		"content":{
			"_1":{"pos":{"x":"-80","y":"230"},"item":"熊 猫"},
			"_2":{"pos":{"x":"190","y":"230"},"item":"金 蛇"},
			"_3":{"pos":{"x":"-345","y":"55"},"item":"蝙 蝠"},
			"_4":{"pos":{"x":"-80","y":"55"},"item":"莲 花"},
			"_5":{"pos":{"x":"190","y":"55"},"item":"八 卦"},
			"_6":{"pos":{"x":"435","y":"55"},"item":"金"},
			"_7":{"pos":{"x":"-345","y":"-123"},"item":"木"},
			"_8":{"pos":{"x":"-80","y":"-123"},"item":"水"},
			"_9":{"pos":{"x":"190","y":"-123"},"item":"火"},
			"_10":{"pos":{"x":"435","y":"-123"},"item":"土"}
		}
	},{
		"name":"_2_1",
		"content":{
			"_1":{"pos":{"x":"0","y":"255"},"item":"龙 珠","size":"28","explain_size":"26",
				"explain":"面奖图示，出现在任意位置，只要出\n现即产生支付，无需连线。3个以上\n触发FREE GAMES。",
				"explain_pos":{"x":"185","y":"170"}},
			"_2":{"pos":{"x":"-10","y":"65"},"item":"白 龙","size":"28","explain_size":"26",
				"explain":"百搭图示，出现在任意位置，替代\nSCATTER以外的任意图示。",
				"explain_pos":{"x":"-195","y":"-20"}},
			"_3":{"pos":{"x":"180","y":"-120"},"item":"倍数图示","size":"28","explain_size":"26",
				"explain":"倍数图示，出现在任意位置，\n达到5个以上同屏时，触发\nFEVER GAMES。",
				"explain_pos":{"x":"300","y":"-200"}}
		}
	},{
		"name":"_2_2",
		"content":{
			"_1":{"pos":{"x":"-80","y":"230"},"item":"孔 雀"},
			"_2":{"pos":{"x":"190","y":"230"},"item":"双 鱼"},
			"_3":{"pos":{"x":"-345","y":"55"},"item":"金 鸡"},
			"_4":{"pos":{"x":"-80","y":"55"},"item":"葫 芦"},
			"_5":{"pos":{"x":"190","y":"55"},"item":"八 卦"},
			"_6":{"pos":{"x":"435","y":"55"},"item":"金"},
			"_7":{"pos":{"x":"-345","y":"-123"},"item":"木"},
			"_8":{"pos":{"x":"-80","y":"-123"},"item":"水"},
			"_9":{"pos":{"x":"190","y":"-123"},"item":"火"},
			"_10":{"pos":{"x":"435","y":"-123"},"item":"土"}
		}
	},{
		"name":"_3_1",
		"content":{
			"_1":{"pos":{"x":"0","y":"205"},"item":"龙 珠","size":"28","explain_size":"26",
				"explain":"面奖图示，只出现在2-5列，只要出现\n即产生支付，无需连线。3个以上触发\nFREE GAMES。",
				"explain_pos":{"x":"185","y":"115"}},
			"_2":{"pos":{"x":"-70","y":"-55"},"item":"青 龙","size":"28","explain_size":"26",
				"explain":"百搭图示，出现在2-5列，替代特殊\n图示以外的任意图示。并获得额外角\n标倍数奖励。",
				"explain_pos":{"x":"-253","y":"-140"}}
		}
	},{
		"name":"_3_2",
		"content":{
			"_1":{"pos":{"x":"50","y":"230"},"item":"仙 鹤"},
			"_2":{"pos":{"x":"-345","y":"55"},"item":"神 龟"},
			"_3":{"pos":{"x":"-80","y":"55"},"item":"鸳 鸯"},
			"_4":{"pos":{"x":"190","y":"55"},"item":"八 卦"},
			"_5":{"pos":{"x":"435","y":"55"},"item":"金"},
			"_6":{"pos":{"x":"-345","y":"-123"},"item":"木"},
			"_7":{"pos":{"x":"-80","y":"-123"},"item":"水"},
			"_8":{"pos":{"x":"190","y":"-123"},"item":"火"},
			"_9":{"pos":{"x":"435","y":"-123"},"item":"土"}
		}
	},{
		"name":"_4_1",
		"content":{
			"_1":{"pos":{"x":"0","y":"205"},"item":"龙 珠","size":"28","explain_size":"26",
				"explain":"面奖图示，只出现在1、3、5列，只要\n出现即产生支付，无需连线。3个即触\n发FREE GAMES。",
				"explain_pos":{"x":"185","y":"115"}},
 			"_2":{"pos":{"x":"-3","y":"-55"},"item":"赤 龙","size":"28","explain_size":"26",
				"explain":"百搭图示，出现在任意位置，替代\nSCATTER以外的任意图示。",
				"explain_pos":{"x":"-190","y":"-140"}}
		}
	},{
		"name":"_4_2",
		"content":{
			"_1":{"pos":{"x":"-210","y":"230"},"item":"凤 凰"},
			"_2":{"pos":{"x":"50","y":"230"},"item":"貔 貅"},
			"_3":{"pos":{"x":"310","y":"230"},"item":"金 虎"},
			"_4":{"pos":{"x":"-345","y":"55"},"item":"金 羊"},
			"_5":{"pos":{"x":"-80","y":"55"},"item":"铜 鼎"},
			"_6":{"pos":{"x":"190","y":"55"},"item":"铜 钟"},
			"_7":{"pos":{"x":"445","y":"55"},"item":"金"},
			"_8":{"pos":{"x":"-345","y":"-123"},"item":"木"},
			"_9":{"pos":{"x":"-80","y":"-123"},"item":"水"},
			"_10":{"pos":{"x":"190","y":"-123"},"item":"火"},
			"_11":{"pos":{"x":"445","y":"-123"},"item":"土"}
		}
	},{
		"name":"_5_1",
		"content":{
			"_1":{"pos":{"x":"0","y":"205"},"item":"龙 珠","size":"28","explain_size":"26",
				"explain":"面奖图示，只出现在2-5列，只要出现\n即产生支付，无需连线。3个以上触发\nFREE GAMES。",
				"explain_pos":{"x":"185","y":"115"}},
			"_2":{"pos":{"x":"-20","y":"-55"},"item":"黑 龙","size":"28","explain_size":"26",
				"explain":"百搭图示，出现在2-5列，替代\nSCATTER以外的任意图示。当该图示\n出现时，会拓展成一列WILD。",
				"explain_pos":{"x":"-205","y":"-140"}}
		}
	},{
		"name":"_5_2",
		"content":{
			"_1":{"pos":{"x":"-80","y":"230"},"item":"神 象"},
			"_2":{"pos":{"x":"190","y":"230"},"item":"奔 马"},
			"_3":{"pos":{"x":"-345","y":"55"},"item":"白 兔"},
			"_4":{"pos":{"x":"-80","y":"55"},"item":"佛 头"},
			"_5":{"pos":{"x":"190","y":"55"},"item":"八 卦"},
			"_6":{"pos":{"x":"435","y":"55"},"item":"金"},
			"_7":{"pos":{"x":"-345","y":"-123"},"item":"木"},
			"_8":{"pos":{"x":"-80","y":"-123"},"item":"水"},
			"_9":{"pos":{"x":"190","y":"-123"},"item":"火"},
			"_10":{"pos":{"x":"435","y":"-123"},"item":"土"}
		}
	}]
}