{
	"message": [{
		"name":"_1_1",
		"content":{
			"_1":{"pos":{"x":"70","y":"205"},"item":"Ấn Phiên Thiên","size":"28","explain_size":"26",
				"explain":"B.tượng SCATTER, xuất hiện ở cột bất\nkỳ; chỉ cần xuất hiện là được tính, không\ncần cùng 1 dòng. Trên 3 cái sẽ được\nFREE GAMES.",
				"explain_pos":{"x":"185","y":"118"}},
			"_2":{"pos":{"x":"-70","y":"-55"},"item":"Kính Âm Dương","size":"28","explain_size":"26",
				"explain":"B.tượng WILD, xuất hiện ở cột bất kỳ,\ncó thể thay tất cả các b.tượng ngoại trừ\nSCATTER.",
				"explain_pos":{"x":"-190","y":"-140"}}
		}
	},{
		"name":"_1_2",
		"content":{
			"_1":{"pos":{"x":"50","y":"230"},"item":"Trụ Vương"},
			"_2":{"pos":{"x":"-345","y":"55"},"item":"Đắc Kỷ"},
			"_3":{"pos":{"x":"-80","y":"55"},"item":"Chén Rượu"},
			"_4":{"pos":{"x":"190","y":"55"},"item":"Nho"},
			"_5":{"pos":{"x":"435","y":"55"},"item":"A"},
			"_6":{"pos":{"x":"-345","y":"-123"},"item":"K"},
			"_7":{"pos":{"x":"-80","y":"-123"},"item":"Q"},
			"_8":{"pos":{"x":"190","y":"-123"},"item":"J"},
			"_9":{"pos":{"x":"435","y":"-123"},"item":"10"}
		}
	},{
		"name":"_2_1",
		"content":{
			"_1":{"pos":{"x":"70","y":"205"},"item":"Ấn Phiên Thiên","size":"28","explain_size":"26",
				"explain":"B.tượng SCATTER, xuất hiện ở cột bất\nkỳ; chỉ cần xuất hiện là được tính, không\nần cùng 1 dòng. Trên 3 cái sẽ được 15\nFREE GAMES. x3 điểm trong thời gian\nFree games.",
				"explain_pos":{"x":"190","y":"108"}},
			"_2":{"pos":{"x":"-70","y":"-55"},"item":"Kính Âm Dương","size":"28","explain_size":"26",
				"explain":"B.tượng WILD, xuất hiện ở cột bất kỳ,\ncó thể thay tất cả các b.tượng ngoại trừ\nSCATTER. x2 điểm khi được thay",
				"explain_pos":{"x":"-190","y":"-140"}}
		}
	},{
		"name":"_2_2",
		"content":{
			"_1":{"pos":{"x":"-345","y":"230"},"item":"Na Tra"},
			"_2":{"pos":{"x":"-80","y":"230"},"item":"Ngao Bính"},
			"_3":{"pos":{"x":"190","y":"230"},"item":"Vòng Càn Khôn"},
			"_4":{"pos":{"x":"445","y":"230"},"item":"Phong Hỏa Luân"},
			"_5":{"pos":{"x":"-345","y":"55"},"item":"Hỏa Tiêm Thương"},
			"_6":{"pos":{"x":"-80","y":"55"},"item":"Kiếm Âm Dương"},
			"_7":{"pos":{"x":"190","y":"55"},"item":"Hoa Sen"},
			"_8":{"pos":{"x":"445","y":"55"},"item":"A"},
			"_9":{"pos":{"x":"-345","y":"-123"},"item":"K"},
			"_10":{"pos":{"x":"-80","y":"-123"},"item":"Q"},
			"_11":{"pos":{"x":"190","y":"-123"},"item":"J"},
			"_12":{"pos":{"x":"445","y":"-123"},"item":"10"}
		}
	},{
		"name":"_3_1",
		"content":{
			"_1":{"pos":{"x":"80","y":"100"},"item":"Ấn Phiên Thiên","size":"28","explain_size":"26",
				"explain":"B.tượng SCATTER, xuất hiện ở cột bất\nkỳ; chỉ cần xuất hiện là được tính, không\ncần cùng 1 dòng.",
				"explain_pos":{"x":"200","y":"10"}}
		}
	},{
		"name":"_3_2",
		"content":{
			"_1":{"pos":{"x":"-210","y":"155"},"item":"Khương Tử Nha"},
			"_2":{"pos":{"x":"50","y":"155"},"item":"Cá"},
			"_3":{"pos":{"x":"310","y":"155"},"item":"Giỏ Cá"},
			"_4":{"pos":{"x":"-340","y":"-20"},"item":"A"},
			"_5":{"pos":{"x":"-70","y":"-20"},"item":"K"},
			"_6":{"pos":{"x":"190","y":"-20"},"item":"Q"},
			"_7":{"pos":{"x":"442","y":"-20"},"item":"J"}
		}
	}]
}