{
	"message": [{
		"name":"_1_1",
		"content":{
			"_1":{"pos":{"x":"10","y":"205"},"item":"SUTRA","size":"28","explain_size":"26",
				"explain":"The SCATTER symbol do not need to\nappear on the payline to trigger\nFREE GAMES. All of winning x2 during\nFREE GAMES",
				"explain_pos":{"x":"185","y":"115"}},
			"_2":{"pos":{"x":"-90","y":"-60"},"item":"EIGHT DIAGRAMS","size":"28","explain_size":"24",
				"explain":"The WILD symbol can appear on any reel\nand it subsititutes all of the symbols except\nSCATTER symbols. Every WILD symbol\nappear on the payline, win x2.",
				"explain_pos":{"x":"-190","y":"-142"}}
		}
	},{
		"name":"_1_2",
		"content":{
			"_1":{"pos":{"x":"-210","y":"230"},"item":"JADE EMPEROR"},
			"_2":{"pos":{"x":"50","y":"230"},"item":"WUKONG"},
			"_3":{"pos":{"x":"310","y":"230"},"item":"TAIBAI"},
			"_4":{"pos":{"x":"-345","y":"55"},"item":"PEACH"},
			"_5":{"pos":{"x":"-80","y":"55"},"item":"WINE"},
			"_6":{"pos":{"x":"190","y":"55"},"item":"GRAPE"},
			"_7":{"pos":{"x":"445","y":"55"},"item":"LOTUS"},
			"_8":{"pos":{"x":"-345","y":"-123"},"item":"MORTAL"},
			"_9":{"pos":{"x":"-80","y":"-123"},"item":"IMMORTAL"},
			"_10":{"pos":{"x":"190","y":"-123"},"item":"DEMON"},
			"_11":{"pos":{"x":"445","y":"-123"},"item":"MONSTER"}
		}
	},{
		"name":"_2_1",
		"content":{
			"_1":{"pos":{"x":"20","y":"205"},"item":"SUTRAS","size":"28","explain_size":"26",
				"explain":"The SCATTER symbol do not need\nto appear on the payline to trigger FREE\nGAMES. Only appear 1,3,5 reel.",
				"explain_pos":{"x":"190","y":"115"}},
			"_2":{"pos":{"x":"-90","y":"-60"},"item":"EIGHT DIAGRAMS","size":"28","explain_size":"20",
				"explain":"The WILD symbol can appear on 3th reel only and\nit subsititutes all of the symbols except SCATTER\nsymbols. Every WILD symbol cover all of the 3th\nreel,and turn the other 3random into WILD.",
				"explain_pos":{"x":"-190","y":"-140"}}
		}
	},{
		"name":"_2_2",
		"content":{
			"_1":{"pos":{"x":"-340","y":"135"},"item":"WUKONG"},
			"_2":{"pos":{"x":"-70","y":"135"},"item":"LADY SKULL"},
			"_3":{"pos":{"x":"190","y":"135"},"item":"XUANZANG"},
			"_4":{"pos":{"x":"442","y":"135"},"item":"BAIJIE"},
			"_5":{"pos":{"x":"-340","y":"-40"},"item":"MORTAL"},
			"_6":{"pos":{"x":"-70","y":"-40"},"item":"IMMORTAL"},
			"_7":{"pos":{"x":"190","y":"-40"},"item":"DEMON"},
			"_8":{"pos":{"x":"442","y":"-40"},"item":"MONSTER"}
		}
	},{
		"name":"_3_1",
		"content":{
			"_1":{"pos":{"x":"20","y":"85"},"item":"SUTRAS","size":"28","explain_size":"26",
				"explain":"The SCATTER symbol do not need to\nappear on the payline to trigger FREE\nGAMES. Only appear 1,3,5 reel.","explain_pos":{"x":"180","y":"0"}}
		}
	},{
		"name":"_3_2",
		"content":{
			"_1":{"pos":{"x":"60","y":"230"},"item":"RED BOY"},
			"_2":{"pos":{"x":"-345","y":"55"},"item":"WUKONG"},
			"_3":{"pos":{"x":"-80","y":"55"},"item":"GUANYIN"},
			"_4":{"pos":{"x":"190","y":"55"},"item":"CHARIOT"},
			"_5":{"pos":{"x":"445","y":"55"},"item":"HALBERD"},
			"_6":{"pos":{"x":"-345","y":"-123"},"item":"MORTAL"},
			"_7":{"pos":{"x":"-80","y":"-123"},"item":"IMMORTAL"},
			"_8":{"pos":{"x":"190","y":"-123"},"item":"DEMON"},
			"_9":{"pos":{"x":"445","y":"-123"},"item":"MONSTER"}
		}
	}]
}