{
	"message": [{
		"name":"_1_1",
		"content":{
			"_1":{"pos":{"x":"0","y":"205"},"item":"真 经","size":"28","explain_size":"26",
				"explain":"面奖图示，出现在任意位置，只要出\n现即产生支付，无需连线。3个以上触\n发15个FREE GAMES，FREE GAMES\n期间玩家奖励x3。",
				"explain_pos":{"x":"185","y":"115"}},
			"_2":{"pos":{"x":"-30","y":"-60"},"item":"八 卦","size":"28","explain_size":"26",
				"explain":"百搭图示，出现在任意位置，替代\nSCATTER以外的任意图示。中奖连线\n中出现任一WILD，则该连线奖励x2。",
				"explain_pos":{"x":"-190","y":"-140"}}
		}
	},{
		"name":"_1_2",
		"content":{
			"_1":{"pos":{"x":"-210","y":"230"},"item":"玉 帝"},
			"_2":{"pos":{"x":"50","y":"230"},"item":"悟 空"},
			"_3":{"pos":{"x":"310","y":"230"},"item":"太 白"},
			"_4":{"pos":{"x":"-345","y":"55"},"item":"蟠 桃"},
			"_5":{"pos":{"x":"-80","y":"55"},"item":"美 酒"},
			"_6":{"pos":{"x":"190","y":"55"},"item":"葡 萄"},
			"_7":{"pos":{"x":"445","y":"55"},"item":"莲 花"},
			"_8":{"pos":{"x":"-345","y":"-123"},"item":"人"},
			"_9":{"pos":{"x":"-80","y":"-123"},"item":"神"},
			"_10":{"pos":{"x":"190","y":"-123"},"item":"妖"},
			"_11":{"pos":{"x":"445","y":"-123"},"item":"怪"}
		}
	},{
		"name":"_2_1",
		"content":{
			"_1":{"pos":{"x":"0","y":"205"},"item":"真 经","size":"28","explain_size":"26",
				"explain":"面奖图示，只出现在1、3、5列，只要\n出现即产生支付，无需连线。达到对\n应的数量即可触发FREE GAMES。",
				"explain_pos":{"x":"185","y":"115"}},
			"_2":{"pos":{"x":"-20","y":"-60"},"item":"八 卦","size":"28","explain_size":"26",
				"explain":"百搭图示，只出现在第3列，出现时会\n拓展整列为WILD，并且随机把其他三\n个图示（SCATTER除外）变为WILD。",
				"explain_pos":{"x":"-190","y":"-145"}}
		}
	},{
		"name":"_2_2",
		"content":{
			"_1":{"pos":{"x":"-340","y":"135"},"item":"悟 空"},
			"_2":{"pos":{"x":"-70","y":"135"},"item":"白骨夫人"},
			"_3":{"pos":{"x":"190","y":"135"},"item":"玄 奘"},
			"_4":{"pos":{"x":"442","y":"135"},"item":"八 戒"},
			"_5":{"pos":{"x":"-340","y":"-40"},"item":"人"},
			"_6":{"pos":{"x":"-70","y":"-40"},"item":"神"},
			"_7":{"pos":{"x":"190","y":"-40"},"item":"妖"},
			"_8":{"pos":{"x":"442","y":"-40"},"item":"怪"}
		}
	},{
		"name":"_3_1",
		"content":{
			"_1":{"pos":{"x":"10","y":"90"},"item":"真 经","size":"28","explain_size":"26",
				"explain":"面奖图示，只出现在1、3、5列，只要\n出现即产生支付，无需连线。达到对\n应的数量即可触发FREEGAMES。","explain_pos":{"x":"180","y":"0"}}
		}
	},{
		"name":"_3_2",
		"content":{
			"_1":{"pos":{"x":"60","y":"230"},"item":"红孩儿"},
			"_2":{"pos":{"x":"-345","y":"55"},"item":"悟 空"},
			"_3":{"pos":{"x":"-80","y":"55"},"item":"观 音"},
			"_4":{"pos":{"x":"190","y":"55"},"item":"战 车"},
			"_5":{"pos":{"x":"445","y":"55"},"item":"尖 枪"},
			"_6":{"pos":{"x":"-345","y":"-123"},"item":"人"},
			"_7":{"pos":{"x":"-80","y":"-123"},"item":"神"},
			"_8":{"pos":{"x":"190","y":"-123"},"item":"妖"},
			"_9":{"pos":{"x":"445","y":"-123"},"item":"怪"}
		}
	}]
}