{
	"message": [{
		"name":"_1_1",
		"content":{
			"_1":{"pos":{"x":"20","y":"205"},"item":"番天印","size":"28","explain_size":"26",
				"explain":"面獎圖示，出現在所有輪，只要出現\n即產生支付，無需連線。3個以上觸\n發FREE GAMES。",
				"explain_pos":{"x":"185","y":"120"}},
			"_2":{"pos":{"x":"-30","y":"-55"},"item":"陰陽鏡","size":"28","explain_size":"26",
				"explain":"百搭圖示，出現在任意列，可替代\nSCATTER以外的任意圖示。",
				"explain_pos":{"x":"-190","y":"-135"}}
		}
	},{
		"name":"_1_2",
		"content":{
			"_1":{"pos":{"x":"50","y":"230"},"item":"紂 王"},
			"_2":{"pos":{"x":"-345","y":"55"},"item":"妲 己"},
			"_3":{"pos":{"x":"-80","y":"55"},"item":"酒 杯"},
			"_4":{"pos":{"x":"190","y":"55"},"item":"葡 萄"},
			"_5":{"pos":{"x":"435","y":"55"},"item":"A"},
			"_6":{"pos":{"x":"-345","y":"-123"},"item":"K"},
			"_7":{"pos":{"x":"-80","y":"-123"},"item":"Q"},
			"_8":{"pos":{"x":"190","y":"-123"},"item":"J"},
			"_9":{"pos":{"x":"435","y":"-123"},"item":"10"}
		}
	},{
		"name":"_2_1",
		"content":{
			"_1":{"pos":{"x":"20","y":"205"},"item":"番天印","size":"28","explain_size":"26",
				"explain":"面獎圖示，出現在任意輪，只要出現\n即產生支付，無需連線。3個以上觸\n發15 FREE GAMES，免費遊戲期間贏\n分x3。",
				"explain_pos":{"x":"185","y":"115"}},
			"_2":{"pos":{"x":"-30","y":"-55"},"item":"陰陽鏡","size":"28","explain_size":"26",
				"explain":"百搭圖示，出現在任意列，可替代\nSCATTER以外的任意圖示。替換時的\n贏分x2",
				"explain_pos":{"x":"-190","y":"-140"}}
		}
	},{
		"name":"_2_2",
		"content":{
			"_1":{"pos":{"x":"-345","y":"230"},"item":"哪 吒"},
			"_2":{"pos":{"x":"-80","y":"230"},"item":"敖 丙"},
			"_3":{"pos":{"x":"190","y":"230"},"item":"乾坤圈"},
			"_4":{"pos":{"x":"445","y":"230"},"item":"風火輪"},
			"_5":{"pos":{"x":"-345","y":"55"},"item":"火尖槍"},
			"_6":{"pos":{"x":"-80","y":"55"},"item":"陰陽劍"},
			"_7":{"pos":{"x":"190","y":"55"},"item":"蓮 花"},
			"_8":{"pos":{"x":"445","y":"55"},"item":"A"},
			"_9":{"pos":{"x":"-345","y":"-123"},"item":"K"},
			"_10":{"pos":{"x":"-80","y":"-123"},"item":"Q"},
			"_11":{"pos":{"x":"190","y":"-123"},"item":"J"},
			"_12":{"pos":{"x":"445","y":"-123"},"item":"10"}
		}
	},{
		"name":"_3_1",
		"content":{
			"_1":{"pos":{"x":"20","y":"100"},"item":"番天印","size":"28","explain_size":"26",
				"explain":"面獎圖示，出現在任意列，只要出現\n即產生支付，不必連線。",
				"explain_pos":{"x":"195","y":"10"}}
		}
	},{
		"name":"_3_2",
		"content":{
			"_1":{"pos":{"x":"-210","y":"155"},"item":"薑子牙"},
			"_2":{"pos":{"x":"50","y":"155"},"item":"魚"},
			"_3":{"pos":{"x":"310","y":"155"},"item":"魚 簍"},
			"_4":{"pos":{"x":"-340","y":"-20"},"item":"A"},
			"_5":{"pos":{"x":"-70","y":"-20"},"item":"K"},
			"_6":{"pos":{"x":"190","y":"-20"},"item":"Q"},
			"_7":{"pos":{"x":"442","y":"-20"},"item":"J"}
		}
	}]
}