{
	"message": [{
		"name":"_1_1",
		"content":{
			"_1":{"pos":{"x":"10","y":"225"},"item":"Tài","size":"28","explain_size":"26",
				"explain":"B.tượng SCATTER, xuất hiện ở cột bất\nkỳ; chỉ cần xuất hiện là được tính, không\ncần cùng 1 dòng. Trên 3 cái sẽ được\n7 FREE GAMES.",
				"explain_pos":{"x":"185","y":"125"}},
			"_2":{"pos":{"x":"-10","y":"-50"},"item":"Sắc","size":"28","explain_size":"26",
				"explain":"B.tượng WILD, xuất hiện ở cột bất kỳ,\ncó thể thay tất cả các b.tượng ngoại\ntrừ SCATTER.",
				"explain_pos":{"x":"-190","y":"-135"}}
		}
	},{
		"name":"_1_2",
		"content":{
			"_1":{"pos":{"x":"50","y":"230"},"item":"Kim Liên"},
			"_2":{"pos":{"x":"-345","y":"55"},"item":"Tây Môn Khánh"},
			"_3":{"pos":{"x":"-80","y":"55"},"item":"Đại Lang"},
			"_4":{"pos":{"x":"190","y":"55"},"item":"Chén Rượu"},
			"_5":{"pos":{"x":"435","y":"55"},"item":"Xuân Dược"},
			"_6":{"pos":{"x":"-345","y":"-123"},"item":"A"},
			"_7":{"pos":{"x":"-80","y":"-123"},"item":"K"},
			"_8":{"pos":{"x":"190","y":"-123"},"item":"Q"},
			"_9":{"pos":{"x":"435","y":"-123"},"item":"J"}
		}
	},{
		"name":"_2_1",
		"content":{
			"_1":{"pos":{"x":"10","y":"225"},"item":"Tài","size":"28","explain_size":"26",
				"explain":"B.tượng SCATTER, xuất hiện ở cột bất\nkỳ; chỉ cần xuất hiện là được tính, không\ncần cùng 1 dòng. Trên 3 cái sẽ được\nFREE GAMES.",
				"explain_pos":{"x":"185","y":"125"}},
			"_2":{"pos":{"x":"-10","y":"-25"},"item":"Sắc","size":"28","explain_size":"26",
				"explain":"B.tượng WILD, chỉ xuất hiện ở cột\n2, 3, 4, có thể thay tất cả các b.tượng\nngoại trừ SCATTER.",
				"explain_pos":{"x":"-190","y":"-125"}}
		}
	},{
		"name":"_2_2",
		"content":{
			"_1":{"pos":{"x":"50","y":"230"},"item":"Lý Bình Nhi"},
			"_2":{"pos":{"x":"-345","y":"55"},"item":"Tây Môn Khánh"},
			"_3":{"pos":{"x":"-80","y":"55"},"item":"Mèo Trắng"},
			"_4":{"pos":{"x":"190","y":"55"},"item":"Trống Bát Lãng"},
			"_5":{"pos":{"x":"435","y":"55"},"item":"Bình Hoa"},
			"_6":{"pos":{"x":"-345","y":"-123"},"item":"A"},
			"_7":{"pos":{"x":"-80","y":"-123"},"item":"K"},
			"_8":{"pos":{"x":"190","y":"-123"},"item":"Q"},
			"_9":{"pos":{"x":"435","y":"-123"},"item":"J"}
		}
	},{
		"name":"_3_1",
		"content":{
			"_1":{"pos":{"x":"-10","y":"235"},"item":"Tài","size":"28","explain_size":"26",
				"explain":"B.tượng SCATTER, xuất hiện ở cột bất kỳ;\nchỉ cần xuất hiện là được tính, không cần cùng\n1 dòng. Trên 3 cái sẽ được FREE GAMES.",
				"explain_pos":{"x":"195","y":"125"}},
			"_2":{"pos":{"x":"-10","y":"-25"},"item":"Sắc","size":"28","explain_size":"26",
				"explain":"B.tượng WILD, xuất hiện ở cột bất kỳ,\ncó thể thay tất cả các b.tượng ngoại\ntrừ SCATTER.",
				"explain_pos":{"x":"-190","y":"-125"}}
		}
	},{
		"name":"_3_2",
		"content":{
			"_1":{"pos":{"x":"50","y":"230"},"item":"Bàng Xuân Mai"},
			"_2":{"pos":{"x":"-345","y":"55"},"item":"Tây Môn Khánh"},
			"_3":{"pos":{"x":"-80","y":"55"},"item":"Lông Vũ"},
			"_4":{"pos":{"x":"190","y":"55"},"item":"Lò Hương"},
			"_5":{"pos":{"x":"445","y":"55"},"item":"Bình Tị Yên"},
			"_6":{"pos":{"x":"-345","y":"-123"},"item":"A"},
			"_7":{"pos":{"x":"-80","y":"-123"},"item":"K"},
			"_8":{"pos":{"x":"190","y":"-123"},"item":"Q"},
			"_9":{"pos":{"x":"445","y":"-123"},"item":"J"}
		}
	}]
}