{
	"message": [{
		"name":"_12_1",
		"content":{
			"_1":{"pos":{"x":"40","y":"250"},"item":"Ngọc Rồng","size":"28","explain_size":"26",
				"explain":"B.tượng SCATTER, xuất hiện ở cột bất\nkỳ;chỉ cần xuất hiện là được tính, không\ncần cùng 1 dòng. Trên 3 cái sẽ được\n6 FREE GAMES.",
				"explain_pos":{"x":"185","y":"170"}},
			"_2":{"pos":{"x":"-60","y":"65"},"item":"Thần Long","size":"28","explain_size":"26",
				"explain":"B.tượng WILD,chỉ xuất hiện ở cột 2,3,4,5;\ncó thể thay tất cả các b.tượng ngoại\ntrừ SCATTER và dán nhau. Trong FREE\nGAMES,điểm thưởng WILD cùng dòng x2.",
				"explain_pos":{"x":"-185","y":"-16"}},
			"_3":{"pos":{"x":"220","y":"-120"},"item":"Ngọc Long","size":"28","explain_size":"26",
				"explain":"B.tượng bội số,xuất hiện ở vị trí\nbất kỳ, trên 6 cái cùng màn sẽ\nđược FEVER GAMES.",
				"explain_pos":{"x":"320","y":"-200"}}
		}
	},{
		"name":"_12_2",
		"content":{
			"_1":{"pos":{"x":"50","y":"230"},"item":"Di Lặc"},
			"_2":{"pos":{"x":"-345","y":"55"},"item":"Sư Tử Vàng"},
			"_3":{"pos":{"x":"-80","y":"55"},"item":"Cây Tiền Tài"},
			"_4":{"pos":{"x":"190","y":"55"},"item":"Heo Vàng"},
			"_5":{"pos":{"x":"435","y":"55"},"item":"K"},
			"_6":{"pos":{"x":"-345","y":"-123"},"item":"Q"},
			"_7":{"pos":{"x":"-80","y":"-123"},"item":"J"},
			"_8":{"pos":{"x":"190","y":"-123"},"item":"10"},
			"_9":{"pos":{"x":"435","y":"-123"},"item":"9"}
		}
	},{
		"name":"_13_1",
		"content":{
			"_1":{"pos":{"x":"20","y":"200"},"item":"Páo","size":"28","explain_size":"26",
				"explain":"B.tượng SCATTER ,xuất hiện ở cột bất\nkỳ,phù hợp quy tắc dòng thắng sẽ\nđược FREE GAMES 7/10/15.",
				"explain_pos":{"x":"185","y":"115"}},
			"_2":{"pos":{"x":"-55","y":"-55"},"item":"Rồng Bay","size":"28","explain_size":"26",
				"explain":"B.tượng WILD ,xuất hiện ở cột 2,3,4,\ncó thể thay tất cả các b.tượng ngoại trừ\nSCATTER.Trong FREE GAMES,điểm\nthưởng WILD cùng dòng x2 hoặc x3.",
				"explain_pos":{"x":"-190","y":"-140"}}
		}
	},{
		"name":"_13_2",
		"content":{
			"_1":{"pos":{"x":"-80","y":"230"},"item":"Hổ"},
			"_2":{"pos":{"x":"190","y":"230"},"item":"Kim Thiềm"},
			"_3":{"pos":{"x":"-345","y":"55"},"item":"Rùa Vàng"},
			"_4":{"pos":{"x":"-80","y":"55"},"item":"Thỏ Vàng"},
			"_5":{"pos":{"x":"190","y":"55"},"item":"Cá Vàng"},
			"_6":{"pos":{"x":"435","y":"55"},"item":"Tài"},
			"_7":{"pos":{"x":"-345","y":"-123"},"item":"Phúc"},
			"_8":{"pos":{"x":"-80","y":"-123"},"item":"Lộc"},
			"_9":{"pos":{"x":"190","y":"-123"},"item":"Thọ"},
			"_10":{"pos":{"x":"435","y":"-123"},"item":"Hỷ"}
		}
	},{
		"name":"_14_1",
		"content":{
			"_1":{"pos":{"x":"90","y":"205"},"item":"Chiêu Tài Tiến Bảo","size":"28","explain_size":"26",
				"explain":"B.tượng SCATTER, xuất hiện ở cột 1,2,3;\nchỉ cần xuất hiện là được tính. Trên 3 cái\nsẽ được 10 FREE GAMES.",
				"explain_pos":{"x":"185","y":"115"}},
			"_2":{"pos":{"x":"-40","y":"-55"},"item":"Cấu Trúc","size":"28","explain_size":"26",
				"explain":"B.tượng WILD ,xuất hiện ở cột 2,3,4, có\nthể thay tất cả các b.tượng ngoại trừ\nSCATTER.",
				"explain_pos":{"x":"-190","y":"-135"}}
		}
	},{
		"name":"_14_2",
		"content":{
			"_1":{"pos":{"x":"-210","y":"230"},"item":"Đền"},
			"_2":{"pos":{"x":"50","y":"230"},"item":"Cá Vàng"},
			"_3":{"pos":{"x":"310","y":"230"},"item":"Ô Gấp"},
			"_4":{"pos":{"x":"-345","y":"55"},"item":"Trúc phát tài"},
			"_5":{"pos":{"x":"-80","y":"55"},"item":"Sen Hồng"},
			"_6":{"pos":{"x":"190","y":"55"},"item":"A"},
			"_7":{"pos":{"x":"445","y":"55"},"item":"K"},
			"_8":{"pos":{"x":"-345","y":"-123"},"item":"Q"},
			"_9":{"pos":{"x":"-80","y":"-123"},"item":"J"},
			"_10":{"pos":{"x":"190","y":"-123"},"item":"10"},
			"_11":{"pos":{"x":"445","y":"-123"},"item":"9"}
		}
	},{
		"name":"_15_1",
		"content":{
			"_1":{"pos":{"x":"0","y":"200"},"item":"Vàng","size":"28","explain_size":"26",
				"explain":"B.tượng SCATTER, xuất hiện bật kỳ lượt,\ntrên 3 cái sẽ được 7 FREE GAMES.",
				"explain_pos":{"x":"185","y":"115"}},
 			"_2":{"pos":{"x":"-70","y":"-55"},"item":"Phượng Hoàng","size":"28","explain_size":"26",
				"explain":"B.tượng WILD, xuất hiện ở cột 2,3,4,có\nthể thay tất cả các b.tượng ngoại trừ\nSCATTER và dán nhau.",
				"explain_pos":{"x":"-190","y":"-140"}}
		}
	},{
		"name":"_15_2",
		"content":{
			"_1":{"pos":{"x":"-210","y":"230"},"item":"Võ Tắc Thiên"},
			"_2":{"pos":{"x":"50","y":"230"},"item":"Trâm Cài Tóc"},
			"_3":{"pos":{"x":"310","y":"230"},"item":"Quạt Tay"},
			"_4":{"pos":{"x":"-345","y":"55"},"item":"Giầy"},
			"_5":{"pos":{"x":"-80","y":"55"},"item":"Lì Xì"},
			"_6":{"pos":{"x":"190","y":"55"},"item":"A"},
			"_7":{"pos":{"x":"445","y":"55"},"item":"K"},
			"_8":{"pos":{"x":"-345","y":"-123"},"item":"Q"},
			"_9":{"pos":{"x":"-80","y":"-123"},"item":"J"},
			"_10":{"pos":{"x":"190","y":"-123"},"item":"10"},
			"_11":{"pos":{"x":"445","y":"-123"},"item":"9"}
		}
	},{
		"name":"_16_1",
		"content":{
			"_1":{"pos":{"x":"50","y":"200"},"item":"Nguyên Bảo","size":"28","explain_size":"26",
				"explain":"B.tượng SCATTER, xuất hiện ở cột 1,3,4,\ntrên 3 cái sẽ được 7 FREE GAMES.",
				"explain_pos":{"x":"185","y":"115"}},
			"_2":{"pos":{"x":"-60","y":"-55"},"item":"Thần Tài","size":"28","explain_size":"26",
				"explain":"B.tượng WILD, xuất hiện ở tất cả cột,\ncó thể thay tất cả các b.tượng ngoại\ntrừ SCATTER.",
				"explain_pos":{"x":"-190","y":"-140"}}
		}
	},{
		"name":"_16_2",
		"content":{
			"_1":{"pos":{"x":"-80","y":"230"},"item":"Long"},
			"_2":{"pos":{"x":"190","y":"230"},"item":"Đồng Xu"},
			"_3":{"pos":{"x":"-345","y":"55"},"item":"Nhẫn"},
			"_4":{"pos":{"x":"-80","y":"55"},"item":"Koi"},
			"_5":{"pos":{"x":"190","y":"55"},"item":"Lì Xì"},
			"_6":{"pos":{"x":"435","y":"55"},"item":"K"},
			"_7":{"pos":{"x":"-345","y":"-123"},"item":"Q"},
			"_8":{"pos":{"x":"-80","y":"-123"},"item":"J"},
			"_9":{"pos":{"x":"190","y":"-123"},"item":"10"},
			"_10":{"pos":{"x":"435","y":"-123"},"item":"9"}
		}
	},{
		"name":"_17_1",
		"content":{
			"_1":{"pos":{"x":"20","y":"265"},"item":"Đèn Lồng","size":"28","explain_size":"26",
				"explain":"B.tượng SCATTER, xuất hiện ở cột 1,3,5,\ntrên 3 cái sẽ được 5 FREE GAMES.",
				"explain_pos":{"x":"185","y":"180"}},
			"_2":{"pos":{"x":"-20","y":"70"},"item":"Hổ","size":"28","explain_size":"26",
				"explain":"B.tượng WILD, xuất hiện ở tất cả cột,\ncó thể thay tất cả các b.tượng ngoại\ntrừ SCATTER.",
				"explain_pos":{"x":"-195","y":"-15"}},
			"_3":{"pos":{"x":"50","y":"-115"},"item":"Ngọc Lục Bảo","size":"28","explain_size":"26",
				"explain":"B.tượng FEATURE, xuất hiện trong lượt\n1,3,5 của FREE GAMES,tăng thêm\n1,3,5 cái FREE GAMES.",
				"explain_pos":{"x":"180","y":"-200"}}
		}
	},{
		"name":"_17_2",
		"content":{
			"_1":{"pos":{"x":"-80","y":"230"},"item":"Ba Tiền"},
			"_2":{"pos":{"x":"190","y":"230"},"item":"Sen Hồng"},
			"_3":{"pos":{"x":"-345","y":"55"},"item":"Họ Sếu"},
			"_4":{"pos":{"x":"-80","y":"55"},"item":"Koi Đôi"},
			"_5":{"pos":{"x":"190","y":"55"},"item":"A"},
			"_6":{"pos":{"x":"435","y":"55"},"item":"K"},
			"_7":{"pos":{"x":"-345","y":"-123"},"item":"Q"},
			"_8":{"pos":{"x":"-80","y":"-123"},"item":"J"},
			"_9":{"pos":{"x":"190","y":"-123"},"item":"10"},
			"_10":{"pos":{"x":"435","y":"-123"},"item":"9"}
		}
	}{
		"name":"_18_1",
		"content":{
			"_1":{"pos":{"x":"80","y":"200"},"item":"Huy Chương Vàng","size":"28","explain_size":"26",
				"explain":"The SCATTER symbol do not need to\nappear on the payline to trigger 10 FREE\nGAMES. Only appear on reels 1、3、5.",
				"explain_pos":{"x":"185","y":"115"}},
			"_2":{"pos":{"x":"-30","y":"-55"},"item":"Nữ Hiệp","size":"28","explain_size":"26",
				"explain":"B.tượng WILD, xuất hiện ở tất cả cột\n3,có thể thay tất cả các b.tượng ngoại\ntrừ SCATTER.",
				"explain_pos":{"x":"-190","y":"-140"}}
		}
	},{
		"name":"_18_2",
		"content":{
			"_1":{"pos":{"x":"50","y":"230"},"item":"Rồng"},
			"_2":{"pos":{"x":"-345","y":"55"},"item":"Phượng Hoàng"},
			"_3":{"pos":{"x":"-80","y":"55"},"item":"Voi"},
			"_4":{"pos":{"x":"190","y":"55"},"item":"Rùa"},
			"_5":{"pos":{"x":"435","y":"55"},"item":"A"},
			"_6":{"pos":{"x":"-345","y":"-123"},"item":"K"},
			"_7":{"pos":{"x":"-80","y":"-123"},"item":"Q"},
			"_8":{"pos":{"x":"190","y":"-123"},"item":"J"},
			"_9":{"pos":{"x":"435","y":"-123"},"item":"10"}
		}
	}]
}