{
	"message": [{
		"name":"_1_1",
		"content":{
			"_1":{"pos":{"x":"20","y":"225"},"item":"Wealth","size":"28","explain_size":"26",
				"explain":"The SCATTER symbol do not need to\nappear on the payline to trigger\n7 FREE GAMES.",
				"explain_pos":{"x":"185","y":"125"}},
			"_2":{"pos":{"x":"-10","y":"-50"},"item":"Lust","size":"28","explain_size":"26",
				"explain":"The WILD symbol substitutes any\nother symbol except Scatter.",
				"explain_pos":{"x":"-190","y":"-135"}}
		}
	},{
		"name":"_1_2",
		"content":{
			"_1":{"pos":{"x":"50","y":"230"},"item":"Pan Jinlian"},
			"_2":{"pos":{"x":"-345","y":"55"},"item":"Ximen Qing"},
			"_3":{"pos":{"x":"-80","y":"55"},"item":"Wu Dalang"},
			"_4":{"pos":{"x":"190","y":"55"},"item":"Winebowl"},
			"_5":{"pos":{"x":"435","y":"55"},"item":"Viagra"},
			"_6":{"pos":{"x":"-345","y":"-123"},"item":"A"},
			"_7":{"pos":{"x":"-80","y":"-123"},"item":"K"},
			"_8":{"pos":{"x":"190","y":"-123"},"item":"Q"},
			"_9":{"pos":{"x":"435","y":"-123"},"item":"J"}
		}
	},{
		"name":"_2_1",
		"content":{
			"_1":{"pos":{"x":"20","y":"225"},"item":"Wealth","size":"28","explain_size":"26",
				"explain":"The SCATTER symbol,at least 3 Scatter\nsymbols anywhere on the reels asctive\nfree spins.",
				"explain_pos":{"x":"185","y":"125"}},
			"_2":{"pos":{"x":"-10","y":"-25"},"item":"Lust","size":"28","explain_size":"26",
				"explain":"The WILD symbol can appear on 2-4\nreels and it subsititutes all of the\nsymbols except SCATTER symbols.",
				"explain_pos":{"x":"-190","y":"-125"}}
		}
	},{
		"name":"_2_2",
		"content":{
			"_1":{"pos":{"x":"50","y":"230"},"item":"Li Pinger"},
			"_2":{"pos":{"x":"-345","y":"55"},"item":"Ximen Qing"},
			"_3":{"pos":{"x":"-80","y":"55"},"item":"Cat"},
			"_4":{"pos":{"x":"190","y":"55"},"item":"Drum"},
			"_5":{"pos":{"x":"435","y":"55"},"item":"Vase"},
			"_6":{"pos":{"x":"-345","y":"-123"},"item":"A"},
			"_7":{"pos":{"x":"-80","y":"-123"},"item":"K"},
			"_8":{"pos":{"x":"190","y":"-123"},"item":"Q"},
			"_9":{"pos":{"x":"435","y":"-123"},"item":"J"}
		}
	},{
		"name":"_3_1",
		"content":{
			"_1":{"pos":{"x":"-10","y":"235"},"item":"Wealth","size":"28","explain_size":"26",
				"explain":"The SCATTER symbol,at least 3 Scatter symbols\nanywhere on the reels asctive free spins.",
				"explain_pos":{"x":"195","y":"125"}},
			"_2":{"pos":{"x":"-10","y":"-25"},"item":"Lust","size":"28","explain_size":"26",
				"explain":"The WILD symbol can appear on any\nreels and it subsititutes all of the\nsymbols except SCATTER symbols.",
				"explain_pos":{"x":"-190","y":"-125"}}
		}
	},{
		"name":"_3_2",
		"content":{
			"_1":{"pos":{"x":"50","y":"230"},"item":"Pang Chunmei"},
			"_2":{"pos":{"x":"-345","y":"55"},"item":"Ximen Qing"},
			"_3":{"pos":{"x":"-80","y":"55"},"item":"Feather"},
			"_4":{"pos":{"x":"190","y":"55"},"item":"Incense Burner"},
			"_5":{"pos":{"x":"445","y":"55"},"item":"Snuff Bottle"},
			"_6":{"pos":{"x":"-345","y":"-123"},"item":"A"},
			"_7":{"pos":{"x":"-80","y":"-123"},"item":"K"},
			"_8":{"pos":{"x":"190","y":"-123"},"item":"Q"},
			"_9":{"pos":{"x":"445","y":"-123"},"item":"J"}
		}
	}]
}