{
	"DATA": [{
		"have_scatter": [ 0, 0, 1, 1, 1 ],
		"dragon_bones": [ "zhouwang", "daji" ],
		"sound_type"  : [ "fangtianyin", "yinyangjing", "zhouwang", "daji", "goods",  "goods", "words", "words", "words", "words", "words" ],
		"floor_type"  : [ "fangtianyin", "yinyangjing", "zhouwang", "daji", "jiubei", "putao" ],
		"cards"       : [ "fangtianyin", "yinyangjing", "zhouwang", "daji", "jiubei", "putao", "A",     "K",     "Q",     "J",     "10" ],
		"uiconfig"    : { "rn":15, "ln":9, "column":5, "row":3, "s_p_x":315, "s_p_y":248, "r_d_x":176, "r_d_y":159 }
	},{
		"have_scatter": [ 0, 0, 1, 1, 1 ],
		"dragon_bones": [ "nezha" ],
		"sound_type"  : [ "fangtianyin", "yinyangjing", "nezha", "aobing", "goods",       "goods",      "goods",        "goods",       "goods", "words", "words", "words", "words", "words" ],
		"floor_type"  : [ "fangtianyin", "yinyangjing", "nezha", "aobing", "putao",       "yinyangjing","huojianqiang", "yinyangjian", "lianhua" ],
		"cards"       : [ "fangtianyin", "yinyangjing", "nezha", "aobing", "qiankunquan", "fenghuolun", "huojianqiang", "yinyangjian", "lianhua", "A",    "K",    "Q",     "J",     "10" ],
		"uiconfig"    : { "rn":15, "ln":9, "column":5, "row":3, "s_p_x":315, "s_p_y":248, "r_d_x":176, "r_d_y":159 }
	},{
		"have_scatter": [ 0, 0, 1, 1, 1 ],
		"dragon_bones": [],
		"sound_type"  : [ "fangtianyin", "yinyangjing", "jiangziya", "goods",       "goods", "words", "words", "words", "words" ],
		"floor_type"  : [ "fangtianyin", "yinyangjing", "jiangziya", "fangtianyin", "yulou" ],
		"cards"       : [ "fangtianyin", "yinyangjing", "jiangziya", "yu",          "yulou", "A",     "K",     "Q",     "J" ],
		"uiconfig"    : { "rn":15, "ln":5, "column":5, "row":3, "s_p_x":315, "s_p_y":248, "r_d_x":176, "r_d_y":159 }
	}]
}