{
	"message": [{
		"name":"_1_1",
		"content":{
			"_1":{"pos":{"x":"70","y":"205"},"item":"LeiFeng Pagoda","size":"28","explain_size":"26",
				"explain":"The SCATTER symbol do not need to\nappear on the payline to trigger FREE\nGAMES. Only appear on reels 1、3、5.",
				"explain_pos":{"x":"185","y":"120"}},
			"_2":{"pos":{"x":"-50","y":"-50"},"item":"White Snake","size":"28","explain_size":"26",
				"explain":"The WILD symbol can appear on any\nreels and it subsititutes all of the\nsymbols except SCATTER symbols.",
				"explain_pos":{"x":"-190","y":"-135"}}
		}
	},{
		"name":"_1_2",
		"content":{
			"_1":{"pos":{"x":"-80","y":"230"},"item":"Xu Xian"},
			"_2":{"pos":{"x":"190","y":"230"},"item":"Green Snake"},
			"_3":{"pos":{"x":"-345","y":"55"},"item":"Paper Umbrella"},
			"_4":{"pos":{"x":"-80","y":"55"},"item":"Hairpin"},
			"_5":{"pos":{"x":"190","y":"55"},"item":"Circular Fan"},
			"_6":{"pos":{"x":"435","y":"55"},"item":"A"},
			"_7":{"pos":{"x":"-345","y":"-123"},"item":"K"},
			"_8":{"pos":{"x":"-80","y":"-123"},"item":"Q"},
			"_9":{"pos":{"x":"190","y":"-123"},"item":"J"},
			"_10":{"pos":{"x":"435","y":"-123"},"item":"10"}
		}
	},{
		"name":"_2_1",
		"content":{
			"_1":{"pos":{"x":"70","y":"255"},"item":"LeiFeng Pagoda","size":"28","explain_size":"26",
				"explain":"The SCATTER symbol do not need to\nappear on the payline to trigger FREE\nGAMES.",
				"explain_pos":{"x":"180","y":"175"}},
			"_2":{"pos":{"x":"-70","y":"65"},"item":"White Snake","size":"28","explain_size":"26",
				"explain":"The WILD symbol can appear on any\nreels and it subsititutes all of the\nsymbols except SCATTER symbols.",
				"explain_pos":{"x":"-200","y":"-15"}},
			"_3":{"pos":{"x":"20","y":"-120"},"item":"Mystic","size":"28","explain_size":"26",
				"explain":"The Mystic symbol can appear only\non 3 reel and turn the other symbols\ninto WILD.",
				"explain_pos":{"x":"185","y":"-200"}}
		}
	},{
		"name":"_2_2",
		"content":{
			"_1":{"pos":{"x":"-80","y":"230"},"item":"Crane Kid"},
			"_2":{"pos":{"x":"190","y":"230"},"item":"Ganoderma"},
			"_3":{"pos":{"x":"-345","y":"55"},"item":"Realgar Wine"},
			"_4":{"pos":{"x":"-80","y":"55"},"item":"Double Sword"},
			"_5":{"pos":{"x":"190","y":"55"},"item":"Double Spear"},
			"_6":{"pos":{"x":"435","y":"55"},"item":"A"},
			"_7":{"pos":{"x":"-345","y":"-123"},"item":"K"},
			"_8":{"pos":{"x":"-80","y":"-123"},"item":"Q"},
			"_9":{"pos":{"x":"190","y":"-123"},"item":"J"},
			"_10":{"pos":{"x":"435","y":"-123"},"item":"10"}
		}
	},{
		"name":"_3_1",
		"content":{
			"_1":{"pos":{"x":"70","y":"205"},"item":"LeiFeng Pagoda","size":"28","explain_size":"26",
				"explain":"The SCATTER symbol do not need to\nappear on the payline to trigger\nFREE GAMES",
				"explain_pos":{"x":"185","y":"115"}},
			"_2":{"pos":{"x":"-70","y":"-50"},"item":"White Snake","size":"28","explain_size":"26",
				"explain":"The WILD symbol can appear on any\nreels and it subsititutes all of the\nsymbols except SCATTER symbols.",
				"explain_pos":{"x":"-190","y":"-135"}}
		}
	},{
		"name":"_3_2",
		"content":{
			"_1":{"pos":{"x":"-80","y":"230"},"item":"Green Snake"},
			"_2":{"pos":{"x":"190","y":"230"},"item":"Xu Xian"},
			"_3":{"pos":{"x":"-345","y":"55"},"item":"Fahai"},
			"_4":{"pos":{"x":"-80","y":"55"},"item":"Alms Bowl"},
			"_5":{"pos":{"x":"190","y":"55"},"item":"Wooden Fish"},
			"_6":{"pos":{"x":"435","y":"55"},"item":"A"},
			"_7":{"pos":{"x":"-345","y":"-123"},"item":"K"},
			"_8":{"pos":{"x":"-80","y":"-123"},"item":"Q"},
			"_9":{"pos":{"x":"190","y":"-123"},"item":"J"},
			"_10":{"pos":{"x":"435","y":"-123"},"item":"10"}
		}
	}]
}