{"skeleton":{"width":964,"height":592,"fps":12,"spine":"3.6.0","hash":" ","name":"Sprite"},"bones":[{"name":"root"}],"slots":[{"name":"sheetSlot","bone":"root","attachment":"image_dp_shift_12"}],"skins":{"default":{"sheetSlot":{"image_dp_shit_d0_a0":{"name":"image_dp_shit_d0_a0","x":16.59,"y":129.13},"image_dp_shit_d0_a1":{"name":"image_dp_shit_d0_a1","x":1.1,"y":126.63},"image_dp_shit_d0_a2":{"name":"image_dp_shit_d0_a2","x":-3.04,"y":118.74},"image_dp_shit_d0_a3":{"name":"image_dp_shit_d0_a3","x":1.12,"y":110.35},"image_dp_shit_d0_a4":{"name":"image_dp_shit_d0_a4","x":6.34,"y":102.52},"image_dp_shit_d0_a5":{"name":"image_dp_shit_d0_a5","x":19.76,"y":98.42},"image_dp_shit_d0_a6":{"name":"image_dp_shit_d0_a6","x":30.94,"y":103.64},"image_dp_shit_d0_a7":{"name":"image_dp_shit_d0_a7","x":35.42,"y":101.77},"image_dp_shit_d0_a8":{"name":"image_dp_shit_d0_a8","x":29.11,"y":81.5},"image_dp_shit_d0_a9":{"name":"image_dp_shit_d0_a9","x":16.3,"y":88.49},"image_dp_shit_d0_a10":{"name":"image_dp_shit_d0_a10","x":-1.75,"y":105.37},"image_dp_shit_d0_a11":{"name":"image_dp_shit_d0_a11","x":5.24,"y":125.75},"image_dp_shift_0":{"name":"image_dp_shift_0","x":8.2,"y":139.67},"image_dp_shift_1":{"name":"image_dp_shift_1","x":-104.89,"y":218.89},"image_dp_shift_2":{"name":"image_dp_shift_2","x":-230.95,"y":403.54},"image_dp_shift_3":{"name":"image_dp_shift_3","x":-239.09,"y":553.55},"image_dp_shift_4":{"name":"image_dp_shift_4","x":-289.25,"y":770.76},"image_dp_shift_5":{"name":"image_dp_shift_5","x":-175.12,"y":962.12},"image_dp_shift_6":{"name":"image_dp_shift_6","x":-48.3,"y":1056.36},"image_dp_shift_7":{"name":"image_dp_shift_7","x":142.49,"y":1054.92},"image_dp_shift_8":{"name":"image_dp_shift_8","x":286.17,"y":989.9},"image_dp_shift_9":{"name":"image_dp_shift_9","x":342.42,"y":837.31},"image_dp_shift_10":{"name":"image_dp_shift_10","x":168.11,"y":692.77},"image_dp_shift_11":{"name":"image_dp_shift_11","x":15.45,"y":644.76},"image_dp_shift_12":{"name":"image_dp_shift_12","x":-95.95,"y":592.15},"image_dp_shift_13":{"name":"image_dp_shift_13","x":-117.34,"y":475.55},"image_dp_shift_14":{"name":"image_dp_shift_14","x":-334.95,"y":507.8},"image_dp_shift_15":{"name":"image_dp_shift_15","x":-427.4,"y":526.57},"image_dp_shift_16":{"name":"image_dp_shift_16","x":-446.42,"y":582.08},"image_dp_shift_17":{"name":"image_dp_shift_17","x":-400.67,"y":659.29},"image_dp_shift_18":{"name":"image_dp_shift_18","x":-308.23,"y":785.9},"image_dp_shift_19":{"name":"image_dp_shift_19","x":-192.28,"y":851.83},"image_dp_shift_20":{"name":"image_dp_shift_20","x":-57.02,"y":875.43},"image_dp_shift_21":{"name":"image_dp_shift_21","x":-43.59,"y":875.13},"image_dp_shift_22":{"name":"image_dp_shift_22","x":-18.28,"y":881.28},"image_dp_shift_23":{"name":"image_dp_shift_23","x":29.07,"y":792.24},"image_dp_shift_24":{"name":"image_dp_shift_24","x":106.82,"y":766.55},"image_dp_shift_25":{"name":"image_dp_shift_25","x":103.41,"y":754.88},"image_dp_shift_26":{"name":"image_dp_shift_26","x":105.57,"y":630.04},"image_dp_shift_27":{"name":"image_dp_shift_27","x":120.21,"y":622.36},"image_dp_shift_28":{"name":"image_dp_shift_28","x":13.86,"y":682.4},"image_dp_shift_29":{"name":"image_dp_shift_29","x":9.96,"y":796.58},"image_dp_shift_30":{"name":"image_dp_shift_30","x":-24.82,"y":936.13},"image_dp_shift_31":{"name":"image_dp_shift_31","x":51.66,"y":950.08},"image_dp_shift_32":{"name":"image_dp_shift_32","x":123.71,"y":932.37},"image_dp_shift_33":{"name":"image_dp_shift_33","x":168.54,"y":806.21},"image_dp_shift_34":{"name":"image_dp_shift_34","x":216.3,"y":720.58},"image_dp_shift_35":{"name":"image_dp_shift_35","x":182.7,"y":568.36},"image_dp_shit_d0_b0":{"name":"image_dp_shit_d0_b0","x":128.39,"y":449.76},"image_dp_shit_d0_b1":{"name":"image_dp_shit_d0_b1","x":106.94,"y":325.33},"image_dp_shit_d0_b2":{"name":"image_dp_shit_d0_b2","x":45.05,"y":236.48},"image_dp_shit_d0_b3":{"name":"image_dp_shit_d0_b3","x":10.28,"y":160.87},"image_dp_shit_d0_b4":{"name":"image_dp_shit_d0_b4","x":21.74,"y":138.87},"image_dp_shit_d0_b5":{"name":"image_dp_shit_d0_b5","x":27.92,"y":130.94},"image_dp_shit_d0_b6":{"name":"image_dp_shit_d0_b6","x":22.01,"y":105.75},"image_dp_shit_d0_b7":{"name":"image_dp_shit_d0_b7","x":12.68,"y":110.02},"image_dp_shit_d0_b8":{"name":"image_dp_shit_d0_b8","x":7.62,"y":122.97},"image_dp_shit_d0_b9":{"name":"image_dp_shit_d0_b9","x":-5.67,"y":127.67},"image_dp_shit_d0_b10":{"name":"image_dp_shit_d0_b10","x":-19.16,"y":124.15},"image_dp_shit_d0_b11":{"name":"image_dp_shit_d0_b11","x":-21.11,"y":118.67},"image_dp_shit_d0_b12":{"name":"image_dp_shit_d0_b12","x":-17.79,"y":116.33},"image_dp_shit_d0_b13":{"name":"image_dp_shit_d0_b13","x":-7.23,"y":113},"image_dp_shit_d0_b14":{"name":"image_dp_shit_d0_b14","x":2.35,"y":111.63},"image_dp_shit_d0_b15":{"name":"image_dp_shit_d0_b15","x":12.12,"y":110.66},"image_dp_shit_d0_b16":{"name":"image_dp_shit_d0_b16","x":23.85,"y":109.68},"image_dp_shit_d0_b17":{"name":"image_dp_shit_d0_b17","x":30.89,"y":108.51},"image_dp_shit_d0_b18":{"name":"image_dp_shit_d0_b18","x":32.65,"y":106.94},"image_dp_shit_d0_b19":{"name":"image_dp_shit_d0_b19","x":30.11,"y":106.36},"image_dp_shit_d0_b20":{"name":"image_dp_shit_d0_b20","x":17.99,"y":105.97},"image_dp_shit_d0_b21":{"name":"image_dp_shit_d0_b21","y":105.57},"image_dp_shit_d0_b22":{"name":"image_dp_shit_d0_b22","x":-13.69,"y":106.16},"image_dp_shit_d0_b23":{"name":"image_dp_shit_d0_b23","x":-19.75,"y":107.33},"image_dp_shit_d0_b24":{"name":"image_dp_shit_d0_b24","x":-20.14,"y":107.33},"image_dp_shit_d0_b25":{"name":"image_dp_shit_d0_b25","x":-17.99,"y":107.53},"image_dp_shit_d0_b26":{"name":"image_dp_shit_d0_b26","x":-14.27,"y":107.72},"image_dp_shit_d0_b27":{"name":"image_dp_shit_d0_b27","x":-9.61,"y":108.07},"image_dp_shit_d0_b28":{"name":"image_dp_shit_d0_b28","x":-2.9,"y":108.32},"image_dp_shit_d0_b29":{"name":"image_dp_shit_d0_b29","x":6.47,"y":109.38},"image_dp_shit_d0_b30":{"name":"image_dp_shit_d0_b30","x":13.71,"y":108.84},"image_dp_shit_d0_b31":{"name":"image_dp_shit_d0_b31","x":19.95,"y":110.86},"image_dp_shit_d0_b32":{"name":"image_dp_shit_d0_b32","x":23.28,"y":113.63},"image_dp_shit_d0_b33":{"name":"image_dp_shit_d0_b33","x":22.32,"y":116.05},"image_dp_shit_d0_b34":{"name":"image_dp_shit_d0_b34","x":16.63,"y":118.62},"image_dp_shit_d0_b35":{"name":"image_dp_shit_d0_b35","x":9.98,"y":120.84},"image_dp_shit_d0_b36":{"name":"image_dp_shit_d0_b36","x":7.88,"y":122.35},"image_dp_shit_d0_b37":{"name":"image_dp_shit_d0_b37","x":5.03,"y":124.39},"image_dp_shit_d0_b38":{"name":"image_dp_shit_d0_b38","x":5.59,"y":126.34},"image_dp_shit_d0_b39":{"name":"image_dp_shit_d0_b39","x":11.74,"y":128.01},"image_dp_shit_d0_b40":{"name":"image_dp_shit_d0_b40","x":17.06,"y":129.27}}}},"animations":{"Sprite":{"slots":{"sheetSlot":{"attachment":[{"time":0,"name":"image_dp_shit_d0_a0"},{"time":0.0833,"name":"image_dp_shit_d0_a1"},{"time":0.1666,"name":"image_dp_shit_d0_a2"},{"time":0.2499,"name":"image_dp_shit_d0_a3"},{"time":0.3332,"name":"image_dp_shit_d0_a4"},{"time":0.4165,"name":"image_dp_shit_d0_a5"},{"time":0.4998,"name":"image_dp_shit_d0_a6"},{"time":0.5831,"name":"image_dp_shit_d0_a7"},{"time":0.6664,"name":"image_dp_shit_d0_a8"},{"time":0.7497,"name":"image_dp_shit_d0_a9"},{"time":0.833,"name":"image_dp_shit_d0_a10"},{"time":0.9163,"name":"image_dp_shit_d0_a11"},{"time":0.9996,"name":"image_dp_shift_0"},{"time":1.0829,"name":"image_dp_shift_1"},{"time":1.1662,"name":"image_dp_shift_2"},{"time":1.2495,"name":"image_dp_shift_3"},{"time":1.3328,"name":"image_dp_shift_4"},{"time":1.4161,"name":"image_dp_shift_5"},{"time":1.4994,"name":"image_dp_shift_6"},{"time":1.5827,"name":"image_dp_shift_7"},{"time":1.666,"name":"image_dp_shift_8"},{"time":1.7493,"name":"image_dp_shift_9"},{"time":1.8326,"name":"image_dp_shift_10"},{"time":1.9159,"name":"image_dp_shift_11"},{"time":1.9992,"name":"image_dp_shift_12"},{"time":2.0825,"name":"image_dp_shift_13"},{"time":2.1658,"name":"image_dp_shift_14"},{"time":2.2491,"name":"image_dp_shift_15"},{"time":2.3324,"name":"image_dp_shift_16"},{"time":2.4157,"name":"image_dp_shift_17"},{"time":2.499,"name":"image_dp_shift_18"},{"time":2.5823,"name":"image_dp_shift_19"},{"time":2.6656,"name":"image_dp_shift_20"},{"time":2.7489,"name":"image_dp_shift_21"},{"time":2.8322,"name":"image_dp_shift_22"},{"time":2.9155,"name":"image_dp_shift_23"},{"time":2.9988,"name":"image_dp_shift_24"},{"time":3.0821,"name":"image_dp_shift_25"},{"time":3.1654,"name":"image_dp_shift_26"},{"time":3.2487,"name":"image_dp_shift_27"},{"time":3.332,"name":"image_dp_shift_28"},{"time":3.4153,"name":"image_dp_shift_29"},{"time":3.4986,"name":"image_dp_shift_30"},{"time":3.5819,"name":"image_dp_shift_31"},{"time":3.6652,"name":"image_dp_shift_32"},{"time":3.7485,"name":"image_dp_shift_33"},{"time":3.8318,"name":"image_dp_shift_34"},{"time":3.9151,"name":"image_dp_shift_35"},{"time":3.9984,"name":"image_dp_shit_d0_b0"},{"time":4.0817,"name":"image_dp_shit_d0_b1"},{"time":4.165,"name":"image_dp_shit_d0_b2"},{"time":4.2483,"name":"image_dp_shit_d0_b3"},{"time":4.3316,"name":"image_dp_shit_d0_b4"},{"time":4.4149,"name":"image_dp_shit_d0_b5"},{"time":4.4982,"name":"image_dp_shit_d0_b6"},{"time":4.5815,"name":"image_dp_shit_d0_b7"},{"time":4.6648,"name":"image_dp_shit_d0_b8"},{"time":4.7481,"name":"image_dp_shit_d0_b9"},{"time":4.8314,"name":"image_dp_shit_d0_b10"},{"time":4.9147,"name":"image_dp_shit_d0_b11"},{"time":4.998,"name":"image_dp_shit_d0_b12"},{"time":5.0813,"name":"image_dp_shit_d0_b13"},{"time":5.1646,"name":"image_dp_shit_d0_b14"},{"time":5.2479,"name":"image_dp_shit_d0_b15"},{"time":5.3312,"name":"image_dp_shit_d0_b16"},{"time":5.4145,"name":"image_dp_shit_d0_b17"},{"time":5.4978,"name":"image_dp_shit_d0_b18"},{"time":5.5811,"name":"image_dp_shit_d0_b19"},{"time":5.6644,"name":"image_dp_shit_d0_b20"},{"time":5.7477,"name":"image_dp_shit_d0_b21"},{"time":5.831,"name":"image_dp_shit_d0_b22"},{"time":5.9143,"name":"image_dp_shit_d0_b23"},{"time":5.9976,"name":"image_dp_shit_d0_b24"},{"time":6.0809,"name":"image_dp_shit_d0_b25"},{"time":6.1642,"name":"image_dp_shit_d0_b26"},{"time":6.2475,"name":"image_dp_shit_d0_b27"},{"time":6.3308,"name":"image_dp_shit_d0_b28"},{"time":6.4141,"name":"image_dp_shit_d0_b29"},{"time":6.4974,"name":"image_dp_shit_d0_b30"},{"time":6.5807,"name":"image_dp_shit_d0_b31"},{"time":6.664,"name":"image_dp_shit_d0_b32"},{"time":6.7473,"name":"image_dp_shit_d0_b33"},{"time":6.8306,"name":"image_dp_shit_d0_b34"},{"time":6.9139,"name":"image_dp_shit_d0_b35"},{"time":6.9972,"name":"image_dp_shit_d0_b36"},{"time":7.0805,"name":"image_dp_shit_d0_b37"},{"time":7.1638,"name":"image_dp_shit_d0_b38"},{"time":7.2471,"name":"image_dp_shit_d0_b39"},{"time":7.3304,"name":"image_dp_shit_d0_b40"}]}}}}}